CREATE DATABASE  IF NOT EXISTS `furniture` /*!40100 DEFAULT CHARACTER SET utf8mb4 COLLATE utf8mb4_0900_ai_ci */ /*!80016 DEFAULT ENCRYPTION='N' */;
USE `furniture`;
-- MySQL dump 10.13  Distrib 8.0.34, for Win64 (x86_64)
--
-- Host: localhost    Database: furniture
-- ------------------------------------------------------
-- Server version	8.0.35

/*!40101 SET @OLD_CHARACTER_SET_CLIENT=@@CHARACTER_SET_CLIENT */;
/*!40101 SET @OLD_CHARACTER_SET_RESULTS=@@CHARACTER_SET_RESULTS */;
/*!40101 SET @OLD_COLLATION_CONNECTION=@@COLLATION_CONNECTION */;
/*!50503 SET NAMES utf8 */;
/*!40103 SET @OLD_TIME_ZONE=@@TIME_ZONE */;
/*!40103 SET TIME_ZONE='+00:00' */;
/*!40014 SET @OLD_UNIQUE_CHECKS=@@UNIQUE_CHECKS, UNIQUE_CHECKS=0 */;
/*!40014 SET @OLD_FOREIGN_KEY_CHECKS=@@FOREIGN_KEY_CHECKS, FOREIGN_KEY_CHECKS=0 */;
/*!40101 SET @OLD_SQL_MODE=@@SQL_MODE, SQL_MODE='NO_AUTO_VALUE_ON_ZERO' */;
/*!40111 SET @OLD_SQL_NOTES=@@SQL_NOTES, SQL_NOTES=0 */;

--
-- Table structure for table `brands`
--

DROP TABLE IF EXISTS `brands`;
/*!40101 SET @saved_cs_client     = @@character_set_client */;
/*!50503 SET character_set_client = utf8mb4 */;
CREATE TABLE `brands` (
  `brand_id` int NOT NULL AUTO_INCREMENT,
  `brand_name` varchar(255) DEFAULT NULL,
  PRIMARY KEY (`brand_id`)
) ENGINE=InnoDB AUTO_INCREMENT=3 DEFAULT CHARSET=utf8mb4 COLLATE=utf8mb4_0900_ai_ci;
/*!40101 SET character_set_client = @saved_cs_client */;

--
-- Dumping data for table `brands`
--

LOCK TABLES `brands` WRITE;
/*!40000 ALTER TABLE `brands` DISABLE KEYS */;
INSERT INTO `brands` VALUES (1,'MOHO'),(2,'HOHO');
/*!40000 ALTER TABLE `brands` ENABLE KEYS */;
UNLOCK TABLES;

--
-- Table structure for table `cart`
--

DROP TABLE IF EXISTS `cart`;
/*!40101 SET @saved_cs_client     = @@character_set_client */;
/*!50503 SET character_set_client = utf8mb4 */;
CREATE TABLE `cart` (
  `cart_id` int NOT NULL AUTO_INCREMENT,
  `quantity` int DEFAULT NULL,
  `user_id` int DEFAULT NULL,
  `product_id` int DEFAULT NULL,
  PRIMARY KEY (`cart_id`),
  KEY `user_id` (`user_id`),
  KEY `product_id` (`product_id`),
  CONSTRAINT `cart_ibfk_1` FOREIGN KEY (`user_id`) REFERENCES `users` (`user_id`),
  CONSTRAINT `cart_ibfk_2` FOREIGN KEY (`product_id`) REFERENCES `products` (`product_id`)
) ENGINE=InnoDB DEFAULT CHARSET=utf8mb4 COLLATE=utf8mb4_0900_ai_ci;
/*!40101 SET character_set_client = @saved_cs_client */;

--
-- Dumping data for table `cart`
--

LOCK TABLES `cart` WRITE;
/*!40000 ALTER TABLE `cart` DISABLE KEYS */;
/*!40000 ALTER TABLE `cart` ENABLE KEYS */;
UNLOCK TABLES;

--
-- Table structure for table `categories`
--

DROP TABLE IF EXISTS `categories`;
/*!40101 SET @saved_cs_client     = @@character_set_client */;
/*!50503 SET character_set_client = utf8mb4 */;
CREATE TABLE `categories` (
  `category_id` int NOT NULL AUTO_INCREMENT,
  `category_name` varchar(255) DEFAULT NULL,
  `category_description` text,
  `is_active` int DEFAULT '1',
  PRIMARY KEY (`category_id`)
) ENGINE=InnoDB AUTO_INCREMENT=28 DEFAULT CHARSET=utf8mb4 COLLATE=utf8mb4_0900_ai_ci;
/*!40101 SET character_set_client = @saved_cs_client */;

--
-- Dumping data for table `categories`
--

LOCK TABLES `categories` WRITE;
/*!40000 ALTER TABLE `categories` DISABLE KEYS */;
INSERT INTO `categories` VALUES (1,'Nội Thất Trong Nhà','Số 1 Việt Nam',0),(18,'aaaa','aaaaaa',1),(27,'aaaaaaaaaaa','aaaaaaaaaaaaaaa',0);
/*!40000 ALTER TABLE `categories` ENABLE KEYS */;
UNLOCK TABLES;

--
-- Table structure for table `favorites`
--

DROP TABLE IF EXISTS `favorites`;
/*!40101 SET @saved_cs_client     = @@character_set_client */;
/*!50503 SET character_set_client = utf8mb4 */;
CREATE TABLE `favorites` (
  `favorite_id` int NOT NULL AUTO_INCREMENT,
  `user_id` int DEFAULT NULL,
  `product_id` int DEFAULT NULL,
  PRIMARY KEY (`favorite_id`),
  KEY `user_id` (`user_id`),
  KEY `product_id` (`product_id`),
  CONSTRAINT `favorites_ibfk_1` FOREIGN KEY (`user_id`) REFERENCES `users` (`user_id`),
  CONSTRAINT `favorites_ibfk_2` FOREIGN KEY (`product_id`) REFERENCES `products` (`product_id`)
) ENGINE=InnoDB DEFAULT CHARSET=utf8mb4 COLLATE=utf8mb4_0900_ai_ci;
/*!40101 SET character_set_client = @saved_cs_client */;

--
-- Dumping data for table `favorites`
--

LOCK TABLES `favorites` WRITE;
/*!40000 ALTER TABLE `favorites` DISABLE KEYS */;
/*!40000 ALTER TABLE `favorites` ENABLE KEYS */;
UNLOCK TABLES;

--
-- Table structure for table `order_items`
--

DROP TABLE IF EXISTS `order_items`;
/*!40101 SET @saved_cs_client     = @@character_set_client */;
/*!50503 SET character_set_client = utf8mb4 */;
CREATE TABLE `order_items` (
  `order_item_id` int NOT NULL AUTO_INCREMENT,
  `order_quantity` int DEFAULT NULL,
  `order_price` float DEFAULT NULL,
  `order_id` int DEFAULT NULL,
  `product_id` int DEFAULT NULL,
  PRIMARY KEY (`order_item_id`),
  KEY `order_id` (`order_id`),
  KEY `product_id` (`product_id`),
  CONSTRAINT `order_items_ibfk_1` FOREIGN KEY (`order_id`) REFERENCES `orders` (`order_id`),
  CONSTRAINT `order_items_ibfk_2` FOREIGN KEY (`product_id`) REFERENCES `products` (`product_id`)
) ENGINE=InnoDB AUTO_INCREMENT=16 DEFAULT CHARSET=utf8mb4 COLLATE=utf8mb4_0900_ai_ci;
/*!40101 SET character_set_client = @saved_cs_client */;

--
-- Dumping data for table `order_items`
--

LOCK TABLES `order_items` WRITE;
/*!40000 ALTER TABLE `order_items` DISABLE KEYS */;
INSERT INTO `order_items` VALUES (1,2,500000,1,6),(2,1,1000000,1,6),(3,3,300000,2,7),(4,1,1500000,2,8),(5,2,900000,3,9),(6,1,900000,3,10),(7,4,800000,4,11),(8,2,1600000,4,12),(9,1,900000,5,6),(10,3,600000,6,7),(11,2,1000000,6,8),(12,1,700000,7,9),(13,2,1000000,8,10),(14,1,1800000,9,11),(15,3,700000,10,12);
/*!40000 ALTER TABLE `order_items` ENABLE KEYS */;
UNLOCK TABLES;

--
-- Table structure for table `orders`
--

DROP TABLE IF EXISTS `orders`;
/*!40101 SET @saved_cs_client     = @@character_set_client */;
/*!50503 SET character_set_client = utf8mb4 */;
CREATE TABLE `orders` (
  `order_id` int NOT NULL AUTO_INCREMENT,
  `total_price` float DEFAULT NULL,
  `order_status` varchar(20) DEFAULT NULL,
  `payment_status` varchar(255) DEFAULT NULL,
  `payment_method` varchar(255) DEFAULT NULL,
  `created_at` date DEFAULT NULL,
  `order_note` varchar(255) DEFAULT NULL,
  `user_id` int DEFAULT NULL,
  PRIMARY KEY (`order_id`),
  KEY `user_id` (`user_id`),
  CONSTRAINT `orders_ibfk_1` FOREIGN KEY (`user_id`) REFERENCES `users` (`user_id`)
) ENGINE=InnoDB AUTO_INCREMENT=93 DEFAULT CHARSET=utf8mb4 COLLATE=utf8mb4_0900_ai_ci;
/*!40101 SET character_set_client = @saved_cs_client */;

--
-- Dumping data for table `orders`
--

LOCK TABLES `orders` WRITE;
/*!40000 ALTER TABLE `orders` DISABLE KEYS */;
INSERT INTO `orders` VALUES (1,1500000,'PENDING','PAID','CREDIT_CARD','2025-05-18','Giao hàng nhanh',1),(2,2500000,'SHIPPED','PAID','CASH_ON_DELIVERY','2025-05-18',NULL,2),(3,1800000,'DELIVERED','PAID','BANK_TRANSFER','2025-05-19','Gói cẩn thận',3),(4,3200000,'PENDING','UNPAID','CREDIT_CARD','2025-05-19',NULL,4),(5,900000,'CANCELLED','UNPAID','CASH_ON_DELIVERY','2025-05-20','Hủy do đổi ý',5),(6,2000000,'SHIPPED','PAID','BANK_TRANSFER','2025-05-20','Giao trong giờ hành chính',6),(7,1700000,'DELIVERED','PAID','CREDIT_CARD','2025-05-21',NULL,7),(8,2800000,'PENDING','PAID','CASH_ON_DELIVERY','2025-05-21','Gọi trước khi giao',8),(9,1900000,'SHIPPED','PAID','BANK_TRANSFER','2025-05-22',NULL,9),(10,2100000,'DELIVERED','PAID','CREDIT_CARD','2025-05-22','Giao hàng cẩn thận',10),(52,102.5,'DELIVERED','PAID','CREDIT_CARD','2025-01-05','Giao hàng thành công',5),(53,215.75,'PENDING','UNPAID','CASH_ON_DELIVERY','2025-01-12','Chờ xử lý',12),(54,185,'CANCELLED','UNPAID','BANK_TRANSFER','2025-01-20','Khách huỷ đơn',7),(55,320,'DELIVERED','PAID','BANK_TRANSFER','2025-01-28','Giao đúng hẹn',20),(56,150.25,'DELIVERED','PAID','CREDIT_CARD','2025-02-03','Đơn gọn nhẹ',18),(57,98.99,'PENDING','UNPAID','CASH_ON_DELIVERY','2025-02-11','Đợi xác nhận',25),(58,210.3,'DELIVERED','PAID','BANK_TRANSFER','2025-02-19','Bị lỗi thanh toán',9),(59,270,'DELIVERED','PAID','CASH_ON_DELIVERY','2025-02-24','Giao đúng địa chỉ',4),(60,330.9,'PENDING','UNPAID','CREDIT_CARD','2025-03-02','Chờ giao hàng',6),(61,199.99,'DELIVERED','PAID','BANK_TRANSFER','2025-03-08','Hoàn tất đơn hàng',15),(62,145.6,'DELIVERED','PAID','CREDIT_CARD','2025-03-15','Không có ghi chú',27),(63,312.1,'CANCELLED','UNPAID','BANK_TRANSFER','2025-03-20','Huỷ do khách',33),(64,280,'PENDING','UNPAID','CASH_ON_DELIVERY','2025-03-27','Đợi gọi xác nhận',30),(65,450.45,'DELIVERED','PAID','CREDIT_CARD','2025-04-01','Đơn lớn',2),(66,234.6,'PENDING','UNPAID','BANK_TRANSFER','2025-04-06','Đợi xác nhận',16),(67,158.7,'CANCELLED','UNPAID','CASH_ON_DELIVERY','2025-04-11','Không nhận hàng',8),(68,378.9,'DELIVERED','PAID','BANK_TRANSFER','2025-04-18','Thành công',22),(69,102,'DELIVERED','PAID','CREDIT_CARD','2025-04-22','Ok',14),(70,175.35,'PENDING','UNPAID','BANK_TRANSFER','2025-05-03','Đang xử lý',3),(71,245.8,'DELIVERED','PAID','CASH_ON_DELIVERY','2025-05-06','Giao hàng nhanh',10),(72,289,'CANCELLED','UNPAID','CREDIT_CARD','2025-05-09','Khách đổi ý',21),(73,310.99,'DELIVERED','PAID','BANK_TRANSFER','2025-05-14','Xong',29),(74,410,'PENDING','UNPAID','CASH_ON_DELIVERY','2025-05-18','Đợi liên hệ',35),(75,199.9,'DELIVERED','PAID','CREDIT_CARD','2025-05-21','Đã nhận',1),(76,305.75,'CANCELLED','UNPAID','BANK_TRANSFER','2025-05-25','Không liên lạc được',17),(77,275,'DELIVERED','PAID','BANK_TRANSFER','2025-06-01','Đã giao',11),(78,168.25,'PENDING','UNPAID','CREDIT_CARD','2025-06-02','Chờ xác nhận',19),(79,220.1,'DELIVERED','PAID','CASH_ON_DELIVERY','2025-06-03','Ok',24),(80,119.5,'CANCELLED','UNPAID','BANK_TRANSFER','2025-06-03','Huỷ bởi khách',32),(81,199.95,'DELIVERED','PAID','CREDIT_CARD','2025-03-05','Thành công',13),(82,288.2,'PENDING','UNPAID','CASH_ON_DELIVERY','2025-03-10','Chưa giao',23),(83,178.75,'DELIVERED','PAID','BANK_TRANSFER','2025-01-18','Đúng hẹn',28),(84,310.6,'DELIVERED','PAID','CREDIT_CARD','2025-02-14','Không vấn đề',31),(85,149.3,'PENDING','UNPAID','BANK_TRANSFER','2025-04-09','Chưa gọi',26),(86,390,'DELIVERED','PAID','CASH_ON_DELIVERY','2025-04-25','Giao thành công',34),(87,123.45,'CANCELLED','UNPAID','CREDIT_CARD','2025-05-15','Khách không nhận',5),(88,299,'DELIVERED','PAID','BANK_TRANSFER','2025-05-29','Rất tốt',7),(89,359.6,'DELIVERED','PAID','CREDIT_CARD','2025-06-01','Hoàn tất',12),(90,199.5,'PENDING','UNPAID','CASH_ON_DELIVERY','2025-06-02','Chờ xác minh',20),(91,280.75,'CANCELLED','UNPAID','BANK_TRANSFER','2025-06-03','Bị từ chối',9),(92,225.3,'DELIVERED','PAID','CREDIT_CARD','2025-06-03','OK',16);
/*!40000 ALTER TABLE `orders` ENABLE KEYS */;
UNLOCK TABLES;

--
-- Table structure for table `products`
--

DROP TABLE IF EXISTS `products`;
/*!40101 SET @saved_cs_client     = @@character_set_client */;
/*!50503 SET character_set_client = utf8mb4 */;
CREATE TABLE `products` (
  `product_id` int NOT NULL AUTO_INCREMENT,
  `product_name` varchar(255) DEFAULT NULL,
  `product_total` int DEFAULT NULL,
  `product_price` float DEFAULT NULL,
  `product_discount_price` float DEFAULT NULL,
  `product_description` text,
  `product_visited` int DEFAULT NULL,
  `product_image_url` text,
  `product_size` varchar(255) DEFAULT NULL,
  `product_enable` int DEFAULT NULL,
  `created_at` date DEFAULT NULL,
  `updated_at` date DEFAULT NULL,
  `brand_id` int DEFAULT NULL,
  `category_id` int DEFAULT NULL,
  `product_code` varchar(45) DEFAULT NULL,
  `product_material` text,
  PRIMARY KEY (`product_id`),
  KEY `brand_id` (`brand_id`),
  KEY `category_id` (`category_id`),
  CONSTRAINT `products_ibfk_1` FOREIGN KEY (`brand_id`) REFERENCES `brands` (`brand_id`),
  CONSTRAINT `products_ibfk_2` FOREIGN KEY (`category_id`) REFERENCES `categories` (`category_id`)
) ENGINE=InnoDB AUTO_INCREMENT=13 DEFAULT CHARSET=utf8mb4 COLLATE=utf8mb4_0900_ai_ci;
/*!40101 SET character_set_client = @saved_cs_client */;

--
-- Dumping data for table `products`
--

LOCK TABLES `products` WRITE;
/*!40000 ALTER TABLE `products` DISABLE KEYS */;
INSERT INTO `products` VALUES (6,'Bộ Bàn Ăn Scania (Màu Tự Nhiên, Mặt Vân Đá, 140)',100,13990000,11990000,'<p><span style=\"font-family: \'times new roman\', times, serif;\"><strong>BỘ&nbsp;B&Agrave;N ĂN V&Acirc;N Đ&Aacute; TỰ NHI&Ecirc;N&nbsp;<u>SCANIA</u></strong></span></p>\r\n<h2><span style=\"font-family: \'times new roman\', times, serif;\"><strong>1. TH&Ocirc;NG SỐ KỸ THUẬT</strong></span></h2>\r\n<p><span style=\"font-family: \'times new roman\', times, serif;\"><img style=\"display: block; margin-left: auto; margin-right: auto;\" title=\"Nội dung sản phẩm\" src=\"https://file.hstatic.net/200000065946/file/z6597452262947_58a5437d38425367e5b0c8e62af26737_57c61a20a44b4815bf4ac9abd4b97737_2048x2048.jpg\" alt=\"bộ b&agrave;n ăn scania\" width=\"252\" height=\"252\"></span></p>\r\n<p>&nbsp;</p>\r\n<h2><span style=\"font-family: \'times new roman\', times, serif;\"><strong>2. CHI TIẾT VẬT LIỆU</strong></span></h2>\r\n<p><span style=\"font-family: \'times new roman\', times, serif;\"><strong>Khung ch&acirc;n : Gỗ cao su tự nhi&ecirc;n</strong></span></p>\r\n<p><span style=\"font-family: \'times new roman\', times, serif;\">B&agrave;n ăn gia đ&igrave;nh l&agrave;m từ chất liệu&nbsp;<a href=\"https://moho.com.vn/blogs/noi-that-ung-dung/tim-hieu-ve-cac-loai-go-tu-nhien-thong-dung\" target=\"_blank\" rel=\"noopener\"><u><strong>gỗ cao su</strong></u></a>&nbsp;tự nhi&ecirc;n đảm bảo độ chắc chắn cao, chống c&ocirc;ng v&ecirc;nh, mối mọt. M&agrave;u gỗ bắt mắt, đẹp tạo n&eacute;t hiện đại&nbsp;.</span></p>\r\n<p><span style=\"font-family: \'times new roman\', times, serif;\"><strong>Mặt b&agrave;n : Gỗ c&ocirc;ng nghiệp phủ Melamine v&acirc;n đ&aacute; tự nhi&ecirc;n&nbsp;</strong></span></p>\r\n<p><span style=\"font-family: \'times new roman\', times, serif;\">Lớp phủ Melamine c&oacute; thể t&aacute;i tạo ch&acirc;n thật v&acirc;n đ&aacute; tự nhi&ecirc;n mang lại vẻ đẹp sang trọng v&agrave; hiện đại.</span></p>\r\n<p><span style=\"font-family: \'times new roman\', times, serif;\"><img style=\"display: block; margin-left: auto; margin-right: auto;\" title=\"Nội dung sản phẩm\" src=\"https://file.hstatic.net/200000065946/file/z6526735263438_ce3f3e4fb92840a04b2488b8a5ceffe2_1024x1024.jpg\" width=\"372\" height=\"186\"></span></p>\r\n<p><span style=\"font-family: \'times new roman\', times, serif;\"><em>* Một số sản phẩm sử dụng gỗ tự nhi&ecirc;n c&oacute; thể xuất hiện mắt gỗ ngẫu nhi&ecirc;n v&agrave; v&acirc;n gỗ tr&ecirc;n bề mặt mỗi sản phẩm sẽ kh&aacute;c nhau &ndash; điều n&agrave;y l&agrave; ho&agrave;n to&agrave;n tự nhi&ecirc;n, tạo n&ecirc;n sự độc đ&aacute;o ri&ecirc;ng cho từng sản phẩm. V&igrave; vậy MOHO sẽ kh&ocirc;ng &aacute;p dụng c&aacute;c ch&iacute;nh s&aacute;ch đổi trả, bảo h&agrave;nh v&agrave; bảo tr&igrave; cho c&aacute;c trường hợp n&agrave;y.</em></span></p>\r\n<p>&nbsp;</p>\r\n<h2><span style=\"font-family: \'times new roman\', times, serif;\"><strong>3.&nbsp;ĐẶC ĐIỂM NỔI BẬT</strong></span></h2>\r\n<p><span style=\"font-family: \'times new roman\', times, serif;\">Mang phong c&aacute;ch hiện đại v&agrave; tinh tế, B&agrave;n Ăn SCANIA v&acirc;n đ&aacute; l&agrave; lựa chọn ho&agrave;n hảo cho kh&ocirc;ng gian ph&ograve;ng ăn sang trọng. Sự kết hợp giữa mặt b&agrave;n v&acirc;n giả đ&aacute; cao cấp v&agrave; khung ch&acirc;n từ gỗ cao su tự nhi&ecirc;n vững chắc kh&ocirc;ng chỉ mang đến vẻ đẹp thẩm mỹ m&agrave; c&ograve;n đảm bảo độ bền vượt trội theo thời gian.&nbsp;</span></p>\r\n<h3><span style=\"font-family: \'times new roman\', times, serif;\"><strong>Mặt b&agrave;n gỗ c&ocirc;ng nghiệp phủ Melamine v&acirc;n đ&aacute; tự nhi&ecirc;n</strong></span></h3>\r\n<p><span style=\"font-family: \'times new roman\', times, serif;\">Tạo cảm gi&aacute;c sang trọng, hiện đại như đ&aacute; thật m&agrave; nhẹ&nbsp;hơn rất nhiều.&nbsp;</span></p>\r\n<p><span style=\"font-family: \'times new roman\', times, serif;\"><img style=\"display: block; margin-left: auto; margin-right: auto;\" title=\"Nội dung sản phẩm\" src=\"https://file.hstatic.net/200000065946/file/dsc04419_1024x1024.jpg\" width=\"243\" height=\"243\"></span></p>\r\n<p><span style=\"font-family: \'times new roman\', times, serif;\"><strong>Gi&aacute; th&agrave;nh hợp l&yacute; :&nbsp;</strong>So với mặt đ&aacute; tự nhi&ecirc;n, mặt b&agrave;n phủ Melamine v&acirc;n đ&aacute; c&oacute; chi ph&iacute; thấp hơn nhiều nhưng vẫn giữ được n&eacute;t đẹp tinh tế</span></p>\r\n<p><span style=\"font-family: \'times new roman\', times, serif;\"><img style=\"display: block; margin-left: auto; margin-right: auto;\" title=\"Nội dung sản phẩm\" src=\"https://file.hstatic.net/200000065946/file/dsc04395_1024x1024.jpg\" width=\"243\" height=\"243\"></span></p>\r\n<h3><span style=\"font-family: \'times new roman\', times, serif;\"><strong>Cạnh b&agrave;n được thiết kế bo tr&ograve;n</strong></span></h3>\r\n<p><span style=\"font-family: \'times new roman\', times, serif;\">Thiết kế b&agrave;n ăn hiện đại tối ưu sự an to&agrave;n của người d&ugrave;ng được thể hiện qua c&aacute;c g&oacute;c cạnh được bo tr&ograve;n, hạn chế tổn thương nếu xảy ra va đập, nhất l&agrave; đối với những gia đ&igrave;nh c&oacute; trẻ nhỏ hiếu động.&nbsp;</span></p>\r\n<p><span style=\"font-family: \'times new roman\', times, serif;\"><img style=\"display: block; margin-left: auto; margin-right: auto;\" title=\"Nội dung sản phẩm\" src=\"https://file.hstatic.net/200000065946/file/dsc04389_a5d5e670fcff43398779a312b59c0398_1024x1024.jpg\" width=\"300\" height=\"300\"></span></p>\r\n<p>&nbsp;</p>\r\n<h3>&nbsp;</h3>\r\n<h3><span style=\"font-family: \'times new roman\', times, serif;\"><strong>Chiều cao bộ&nbsp;b&agrave;n thể hiện&nbsp;được th&oacute;i quen sử dụng của người Việt</strong></span></h3>\r\n<p><span style=\"font-family: \'times new roman\', times, serif;\">Chiều cao bộ&nbsp;b&agrave;n ăn SCANIA&nbsp;đạt chuẩn 75cm ph&ugrave; hợp cho gia đ&igrave;nh bạn. K&iacute;ch thước b&agrave;n&nbsp;ăn n&agrave;y rất dễ d&agrave;ng bắt gặp tại c&aacute;i ng&ocirc;i nh&agrave; hay qu&aacute;n ăn&nbsp;tại Việt Nam, v&igrave; n&oacute; mang lại sự gần gũi v&agrave; thuận tiện khi d&ugrave;ng bữa v&agrave; l&agrave;m việc.</span></p>\r\n<p><span style=\"font-family: \'times new roman\', times, serif;\"><img style=\"display: block; margin-left: auto; margin-right: auto;\" title=\"Nội dung sản phẩm\" src=\"https://file.hstatic.net/200000065946/file/dsc04416_1024x1024.jpg\" width=\"298\" height=\"298\"></span></p>\r\n<p>&nbsp;</p>\r\n<h3><span style=\"font-family: \'times new roman\', times, serif;\"><strong>Mặt b&agrave;n hạn chế&nbsp;thấm nước</strong></span></h3>\r\n<p><span style=\"font-family: \'times new roman\', times, serif;\">Mặt b&agrave;n ăn cơm hạn chế&nbsp;thấm nước&nbsp;gi&uacute;p cho việc lau ch&ugrave;i trở n&ecirc;n đơn giản v&agrave; dễ d&agrave;ng hơn mỗi khi d&ugrave;ng bữa.</span></p>\r\n<p><span style=\"font-family: \'times new roman\', times, serif;\"><img style=\"display: block; margin-left: auto; margin-right: auto;\" title=\"Nội dung sản phẩm\" src=\"https://file.hstatic.net/200000065946/file/dsc04395_3354fa2cbaf34ef3918e5eee61e621d9_1024x1024.jpg\" width=\"307\" height=\"307\"></span></p>\r\n<h3>&nbsp;</h3>\r\n<h3><span style=\"font-family: \'times new roman\', times, serif;\"><strong>Kết cấu khung ch&acirc;n chắc chắn</strong></span></h3>\r\n<p><span style=\"font-family: \'times new roman\', times, serif;\">Ch&acirc;n b&agrave;n&nbsp;chế t&aacute;c từ gỗ cao su tự nhi&ecirc;n, đảm bảo kết cấu chắc chắn, vững ch&atilde;i&nbsp;v&agrave; khả năng chịu lực tốt,&nbsp;c&ugrave;ng logo MOHO độc quyền tr&aacute;nh h&agrave;ng giả.&nbsp;</span></p>\r\n<p><span style=\"font-family: \'times new roman\', times, serif;\"><img style=\"display: block; margin-left: auto; margin-right: auto;\" title=\"Nội dung sản phẩm\" src=\"https://file.hstatic.net/200000065946/file/dsc04380_1024x1024.jpg\" width=\"276\" height=\"276\"></span></p>\r\n<p>&nbsp;</p>\r\n<p>&nbsp;</p>\r\n<p>&nbsp;</p>\r\n<h2><span style=\"font-family: \'times new roman\', times, serif;\"><strong>4. KH&Ocirc;NG GIAN SỐNG</strong></span></h2>\r\n<p><span style=\"font-family: \'times new roman\', times, serif;\"><strong>Bộ&nbsp;B&agrave;n Ăn v&acirc;n đ&aacute; SCANIA</strong>&nbsp;với thiết kế kiểu d&aacute;ng hiện đại, k&iacute;ch thước&nbsp;chiều cao ti&ecirc;u chuẩn 75cm, chất liệu gỗ cao su th&acirc;n thiện m&ocirc;i trường, an to&agrave;n sức khỏe ph&ugrave; hợp với nhiều phong c&aacute;ch&nbsp;<strong><a href=\"https://moho.com.vn/\" target=\"_blank\" rel=\"noopener\">nội thất</a></strong>&nbsp;kh&aacute;c nhau, c&oacute; thể kết hợp c&aacute;c mẫu&nbsp;<strong><a href=\"https://moho.com.vn/collections/ghe-an\" target=\"_blank\" rel=\"noopener\">ghế ăn</a></strong>&nbsp;kh&aacute;c để tạo n&ecirc;n&nbsp;<strong><a href=\"https://moho.com.vn/collections/bo-ban-an\" target=\"_blank\" rel=\"noopener\">bộ b&agrave;n ăn 4</a></strong>&nbsp;ghế hoặc<strong><u>&nbsp;6 ghế</u>&nbsp;</strong>ho&agrave;n chỉnh, kiến tạo&nbsp;kh&ocirc;ng gian&nbsp;<strong><u><a href=\"https://moho.com.vn/collections/bo-ban-an\" target=\"_blank\" rel=\"noopener\">nội thất ph&ograve;ng ăn</a></u></strong> ấm c&uacute;ng, gắn kết c&aacute;c th&agrave;nh vi&ecirc;n trong gia đ&igrave;nh với nhau.</span></p>',0,'/uploads/cb08c336-68c0-4e98-b240-858255d3c09e.webp**#e4c182||/uploads/df6982b9-49bb-4a8f-9c46-fd68378dbd8a.webp||/uploads/1566d7ff-d444-49cd-acb2-fc9659d26fef.webp','Chiều dài 140cm x Chiều rộng 70cm x Chiều cao 75cm ',1,'2025-05-20','2025-05-20',1,1,'X123','Gỗ công nghiệp phủ Melamine vân đá tự nhiên'),(7,'Bàn Ăn Scania (Màu Tự Nhiên, Mặt Vân Đá, 140)',100,5690000,3590000,'<p style=\"text-align: center;\"><span style=\"font-family: \'times new roman\', times, serif;\"><strong>B&Agrave;N ĂN V&Acirc;N Đ&Aacute; TỰ NHI&Ecirc;N&nbsp;<u>SCANIA</u></strong></span></p>\r\n<h2><span style=\"font-family: \'times new roman\', times, serif;\"><strong>1. TH&Ocirc;NG SỐ KỸ THUẬT</strong></span></h2>\r\n<p><span style=\"font-family: \'times new roman\', times, serif;\"><img style=\"display: block; margin-left: auto; margin-right: auto;\" title=\"Nội dung sản phẩm\" src=\"https://file.hstatic.net/200000065946/file/z6597452262947_58a5437d38425367e5b0c8e62af26737_22b7f52381b448c29677c5e48bd805f2_2048x2048.jpg\" alt=\"b&agrave;n scania nat\" width=\"311\" height=\"310\"></span></p>\r\n<p>&nbsp;</p>\r\n<h2><span style=\"font-family: \'times new roman\', times, serif;\"><strong>2. CHI TIẾT VẬT LIỆU</strong></span></h2>\r\n<p><span style=\"font-family: \'times new roman\', times, serif;\"><strong>Khung ch&acirc;n : Gỗ cao su tự nhi&ecirc;n</strong></span></p>\r\n<p><span style=\"font-family: \'times new roman\', times, serif;\">B&agrave;n ăn gia đ&igrave;nh l&agrave;m từ chất liệu&nbsp;<a href=\"https://moho.com.vn/blogs/noi-that-ung-dung/tim-hieu-ve-cac-loai-go-tu-nhien-thong-dung\" target=\"_blank\" rel=\"noopener\"><u><strong>gỗ cao su</strong></u></a>&nbsp;tự nhi&ecirc;n đảm bảo độ chắc chắn cao, chống c&ocirc;ng v&ecirc;nh, mối mọt. M&agrave;u gỗ bắt mắt, đẹp tạo n&eacute;t hiện đại&nbsp;.</span></p>\r\n<p><span style=\"font-family: \'times new roman\', times, serif;\"><strong>Mặt b&agrave;n : Gỗ c&ocirc;ng nghiệp phủ Melamine v&acirc;n đ&aacute; tự nhi&ecirc;n&nbsp;</strong></span></p>\r\n<p><span style=\"font-family: \'times new roman\', times, serif;\">Lớp phủ Melamine c&oacute; thể t&aacute;i tạo ch&acirc;n thật v&acirc;n đ&aacute; tự nhi&ecirc;n mang lại vẻ đẹp sang trọng v&agrave; hiện đại.</span></p>\r\n<p><span style=\"font-family: \'times new roman\', times, serif;\"><img title=\"Nội dung sản phẩm\" src=\"https://file.hstatic.net/200000065946/file/z6526735263438_ce3f3e4fb92840a04b2488b8a5ceffe2_1024x1024.jpg\" width=\"512\" height=\"256\"></span></p>\r\n<p><span style=\"font-family: \'times new roman\', times, serif;\"><em>* Một số sản phẩm sử dụng gỗ tự nhi&ecirc;n c&oacute; thể xuất hiện mắt gỗ ngẫu nhi&ecirc;n v&agrave; v&acirc;n gỗ tr&ecirc;n bề mặt mỗi sản phẩm sẽ kh&aacute;c nhau &ndash; điều n&agrave;y l&agrave; ho&agrave;n to&agrave;n tự nhi&ecirc;n, tạo n&ecirc;n sự độc đ&aacute;o ri&ecirc;ng cho từng sản phẩm. V&igrave; vậy MOHO sẽ kh&ocirc;ng &aacute;p dụng c&aacute;c ch&iacute;nh s&aacute;ch đổi trả, bảo h&agrave;nh v&agrave; bảo tr&igrave; cho c&aacute;c trường hợp n&agrave;y.</em></span></p>\r\n<p>&nbsp;</p>\r\n<h2><span style=\"font-family: \'times new roman\', times, serif;\"><strong>3.&nbsp;ĐẶC ĐIỂM NỔI BẬT</strong></span></h2>\r\n<p><span style=\"font-family: \'times new roman\', times, serif;\">Mang phong c&aacute;ch hiện đại v&agrave; tinh tế, B&agrave;n Ăn SCANIA v&acirc;n đ&aacute; l&agrave; lựa chọn ho&agrave;n hảo cho kh&ocirc;ng gian ph&ograve;ng ăn sang trọng. Sự kết hợp giữa mặt b&agrave;n v&acirc;n giả đ&aacute; cao cấp v&agrave; khung ch&acirc;n từ gỗ cao su tự nhi&ecirc;n vững chắc kh&ocirc;ng chỉ mang đến vẻ đẹp thẩm mỹ m&agrave; c&ograve;n đảm bảo độ bền vượt trội theo thời gian.&nbsp;</span></p>\r\n<h3><span style=\"font-family: \'times new roman\', times, serif;\"><strong>Mặt b&agrave;n gỗ c&ocirc;ng nghiệp phủ Melamine v&acirc;n đ&aacute; tự nhi&ecirc;n</strong></span></h3>\r\n<p><span style=\"font-family: \'times new roman\', times, serif;\">Tạo cảm gi&aacute;c sang trọng, hiện đại như đ&aacute; thật m&agrave; nhẹ&nbsp;hơn rất nhiều.&nbsp;</span></p>\r\n<p><span style=\"font-family: \'times new roman\', times, serif;\"><img title=\"Nội dung sản phẩm\" src=\"https://file.hstatic.net/200000065946/file/dsc04419_1024x1024.jpg\" width=\"527\" height=\"527\"></span></p>\r\n<p><span style=\"font-family: \'times new roman\', times, serif;\"><strong>Gi&aacute; th&agrave;nh hợp l&yacute; :&nbsp;</strong>So với mặt đ&aacute; tự nhi&ecirc;n, mặt b&agrave;n phủ Melamine v&acirc;n đ&aacute; c&oacute; chi ph&iacute; thấp hơn nhiều nhưng vẫn giữ được n&eacute;t đẹp tinh tế</span></p>\r\n<p><span style=\"font-family: \'times new roman\', times, serif;\"><img title=\"Nội dung sản phẩm\" src=\"https://file.hstatic.net/200000065946/file/dsc04395_1024x1024.jpg\" width=\"533\" height=\"533\"></span></p>\r\n<h3><span style=\"font-family: \'times new roman\', times, serif;\"><strong>Cạnh b&agrave;n được thiết kế bo tr&ograve;n</strong></span></h3>\r\n<p><span style=\"font-family: \'times new roman\', times, serif;\">Thiết kế b&agrave;n ăn hiện đại tối ưu sự an to&agrave;n của người d&ugrave;ng được thể hiện qua c&aacute;c g&oacute;c cạnh được bo tr&ograve;n, hạn chế tổn thương nếu xảy ra va đập, nhất l&agrave; đối với những gia đ&igrave;nh c&oacute; trẻ nhỏ hiếu động.&nbsp;</span></p>\r\n<p><span style=\"font-family: \'times new roman\', times, serif;\"><img title=\"Nội dung sản phẩm\" src=\"https://file.hstatic.net/200000065946/file/dsc04389_a5d5e670fcff43398779a312b59c0398_1024x1024.jpg\" width=\"538\" height=\"538\"></span></p>\r\n<h3><span style=\"font-family: \'times new roman\', times, serif;\"><strong>Chiều cao bộ&nbsp;b&agrave;n thể hiện&nbsp;được th&oacute;i quen sử dụng của người Việt</strong></span></h3>\r\n<p><span style=\"font-family: \'times new roman\', times, serif;\">Chiều cao bộ&nbsp;b&agrave;n ăn SCANIA&nbsp;đạt chuẩn 75cm ph&ugrave; hợp cho gia đ&igrave;nh bạn. K&iacute;ch thước b&agrave;n&nbsp;ăn n&agrave;y rất dễ d&agrave;ng bắt gặp tại c&aacute;i ng&ocirc;i nh&agrave; hay qu&aacute;n ăn&nbsp;tại Việt Nam, v&igrave; n&oacute; mang lại sự gần gũi v&agrave; thuận tiện khi d&ugrave;ng bữa v&agrave; l&agrave;m việc.</span></p>\r\n<p><span style=\"font-family: \'times new roman\', times, serif;\"><img title=\"Nội dung sản phẩm\" src=\"https://file.hstatic.net/200000065946/file/dsc04416_1024x1024.jpg\" width=\"535\" height=\"535\"></span></p>\r\n<p>&nbsp;</p>\r\n<h3><span style=\"font-family: \'times new roman\', times, serif;\"><strong>Mặt b&agrave;n hạn chế&nbsp;thấm nước</strong></span></h3>\r\n<p><span style=\"font-family: \'times new roman\', times, serif;\">Mặt b&agrave;n ăn cơm hạn chế&nbsp;thấm nước&nbsp;gi&uacute;p cho việc lau ch&ugrave;i trở n&ecirc;n đơn giản v&agrave; dễ d&agrave;ng hơn mỗi khi d&ugrave;ng bữa.</span></p>\r\n<p><span style=\"font-family: \'times new roman\', times, serif;\"><img title=\"Nội dung sản phẩm\" src=\"https://file.hstatic.net/200000065946/file/dsc04395_3354fa2cbaf34ef3918e5eee61e621d9_1024x1024.jpg\" width=\"535\" height=\"535\"></span></p>\r\n<h3>&nbsp;</h3>\r\n<h3><span style=\"font-family: \'times new roman\', times, serif;\"><strong>Kết cấu khung ch&acirc;n chắc chắn</strong></span></h3>\r\n<p><span style=\"font-family: \'times new roman\', times, serif;\">Ch&acirc;n b&agrave;n&nbsp;chế t&aacute;c từ gỗ cao su tự nhi&ecirc;n, đảm bảo kết cấu chắc chắn, vững ch&atilde;i&nbsp;v&agrave; khả năng chịu lực tốt,&nbsp;c&ugrave;ng logo MOHO độc quyền tr&aacute;nh h&agrave;ng giả.&nbsp;</span></p>\r\n<p><span style=\"font-family: \'times new roman\', times, serif;\"><img title=\"Nội dung sản phẩm\" src=\"https://file.hstatic.net/200000065946/file/dsc04380_1024x1024.jpg\" width=\"536\" height=\"536\"></span></p>\r\n<p>&nbsp;</p>\r\n<h2><span style=\"font-family: \'times new roman\', times, serif;\"><strong>4. KH&Ocirc;NG GIAN SỐNG</strong></span></h2>\r\n<p><span style=\"font-family: \'times new roman\', times, serif;\"><strong>Bộ&nbsp;B&agrave;n Ăn v&acirc;n đ&aacute; SCANIA</strong>&nbsp;với thiết kế kiểu d&aacute;ng hiện đại, k&iacute;ch thước&nbsp;chiều cao ti&ecirc;u chuẩn 75cm, chất liệu gỗ cao su th&acirc;n thiện m&ocirc;i trường, an to&agrave;n sức khỏe ph&ugrave; hợp với nhiều phong c&aacute;ch&nbsp;<strong><a href=\"https://moho.com.vn/\" target=\"_blank\" rel=\"noopener\">nội thất</a></strong>&nbsp;kh&aacute;c nhau, c&oacute; thể kết hợp c&aacute;c mẫu&nbsp;<strong><a href=\"https://moho.com.vn/collections/ghe-an\" target=\"_blank\" rel=\"noopener\">ghế ăn</a></strong>&nbsp;kh&aacute;c để tạo n&ecirc;n&nbsp;<strong><a href=\"https://moho.com.vn/collections/bo-ban-an\" target=\"_blank\" rel=\"noopener\">bộ b&agrave;n ăn 4</a></strong>&nbsp;ghế hoặc<strong><u>&nbsp;6 ghế</u>&nbsp;</strong>ho&agrave;n chỉnh, kiến tạo&nbsp;kh&ocirc;ng gian&nbsp;<strong><u><a href=\"https://moho.com.vn/collections/bo-ban-an\" target=\"_blank\" rel=\"noopener\">nội thất ph&ograve;ng ăn</a></u></strong>&nbsp;ấm c&uacute;ng, gắn kết c&aacute;c th&agrave;nh vi&ecirc;n trong gia đ&igrave;nh với nhau.</span></p>\r\n<p><span style=\"font-family: \'times new roman\', times, serif;\"><img title=\"Nội dung sản phẩm\" src=\"https://file.hstatic.net/200000065946/file/dsc04461_1024x1024.jpg\" width=\"524\" height=\"524\"></span></p>\r\n<p><span style=\"font-family: \'times new roman\', times, serif;\"><img title=\"Nội dung sản phẩm\" src=\"https://file.hstatic.net/200000065946/file/dsc04440_1024x1024.jpg\" width=\"526\" height=\"526\"></span></p>',0,'/uploads/f5583291-a694-4b54-9ce3-16c28664af40.webp**#dcb46a||/uploads/f4ad8370-8bcd-4f1a-80e7-04b5e6fa808e.webp||/uploads/cd153658-9f59-4143-8e8a-f056e1074725.webp**#d7d6cb||/uploads/073a191c-fa66-410d-8e1a-a32dc48ebb28.webp','Chiều dài 140cm x Chiều rộng 70cm x Chiều cao 75cm ',1,'2025-05-23','2025-05-23',1,1,'X123','Gỗ công nghiệp phủ Melamine vân đá tự nhiên'),(8,'Combo Giường Ngủ MOHO VLINE & Tủ Quần Áo MOHO VIENNA 1m5 Màu Gỗ Tự Nhiên',100,21970000,16190000,'<h2><span style=\"font-family: \'times new roman\', times, serif;\"><strong>TH&Ocirc;NG SỐ KỸ THUẬT</strong></span></h2>\r\n<p><span style=\"font-family: \'times new roman\', times, serif;\"><img title=\"Nội dung sản phẩm\" src=\"https://file.hstatic.net/200000065946/file/6_7125377f05b54cfe9bb20c7a0a134981_2048x2048.png\" alt=\"ph&ograve;ng kh&aacute;ch vline nat\" width=\"518\" height=\"259\"></span></p>\r\n<p><span style=\"font-family: \'times new roman\', times, serif;\"><img title=\"Nội dung sản phẩm\" src=\"https://file.hstatic.net/200000065946/file/8_8a6370081a6c42aa845f2323c9bd632c_2048x2048.png\" alt=\"ph&ograve;ng kh&aacute;ch vline nat\" width=\"522\" height=\"261\"></span></p>\r\n<p><span style=\"font-family: \'times new roman\', times, serif;\"><img title=\"Nội dung sản phẩm\" src=\"https://file.hstatic.net/200000065946/file/11_02495479fb284a02844a67333490ea72_2048x2048.png\" alt=\"ph&ograve;ng kh&aacute;ch vline nat\" width=\"516\" height=\"258\"></span></p>\r\n<p><span style=\"font-family: \'times new roman\', times, serif;\"><img title=\"Nội dung sản phẩm\" src=\"https://file.hstatic.net/200000065946/file/17_2048x2048.png\" alt=\"ph&ograve;ng kh&aacute;ch vline nat\" width=\"510\" height=\"255\"></span></p>\r\n<h2><span style=\"font-family: \'times new roman\', times, serif;\"><strong>CHI TIẾT VẬT LIỆU</strong></span></h2>\r\n<p><span style=\"font-family: \'times new roman\', times, serif;\"><strong>Vải bọc sợi tổng hợp - soil release</strong></span></p>\r\n<p><span style=\"font-family: \'times new roman\', times, serif;\">Ghế Sofa VLINE sử dụng vải bọc sợi tổng hợp gi&uacute;p kh&aacute;ng khuẩn,&nbsp;chống nhăn, kh&aacute;ng bụi bẩn v&agrave; nấm mốc, dễ d&agrave;ng vệ sinh.</span></p>\r\n<p><span style=\"font-family: \'times new roman\', times, serif;\"><strong>Gỗ&nbsp;tự nhi&ecirc;n</strong></span></p>\r\n<p><span style=\"font-family: \'times new roman\', times, serif;\">Khung ghế sofa, sofa g&oacute;c v&agrave;&nbsp;tủ kệ tv&nbsp;được l&agrave;m bằng&nbsp;<strong>gỗ cao su</strong>&nbsp;tự nhi&ecirc;n đảm bảo vệ độ chắc chắn cao, chống c&ocirc;ng v&ecirc;nh, mối mọt.</span></p>\r\n<p><span style=\"font-family: \'times new roman\', times, serif;\">B&agrave;n cafe sử dụng gỗ th&ocirc;ng mang lại sự nhẹ nh&agrave;ng, dễ di chuyển.</span></p>\r\n<p><span style=\"font-family: \'times new roman\', times, serif;\"><img title=\"Nội dung sản phẩm\" src=\"https://file.hstatic.net/200000065946/file/noi-that-moho-vline-ghe-sofa-nat-2_69e14cde11ae48fb9f01a41a0323ded0.png\" alt=\"noi-that-moho-vline-ghe-sofa-nat-2\" width=\"526\" height=\"263\"></span></p>\r\n<p><span style=\"font-family: \'times new roman\', times, serif;\"><strong>Tấm phản</strong></span></p>\r\n<p><span style=\"font-family: \'times new roman\', times, serif;\">Sử dụng gỗ c&ocirc;ng nghiệp Plywood c&oacute; độ bền cao, đạt chuẩn CARB-P2 an to&agrave;n tuyệt đối cho người sức khỏe người d&ugrave;ng v&agrave; đạt chứng nhận FSC bảo vệ v&agrave; ph&aacute;t triển rừng bền vững.</span></p>\r\n<p><span style=\"font-family: \'times new roman\', times, serif;\"><em>* Một số sản phẩm sử dụng gỗ tự nhi&ecirc;n c&oacute; thể xuất hiện mắt gỗ ngẫu nhi&ecirc;n tr&ecirc;n bề mặt sản phẩm, điều n&agrave;y l&agrave; ho&agrave;n to&agrave;n tự nhi&ecirc;n, tạo n&ecirc;n sự độc đ&aacute;o ri&ecirc;ng cho từng sản phẩm. V&igrave; vậy MOHO sẽ kh&ocirc;ng &aacute;p dụng c&aacute;c ch&iacute;nh s&aacute;ch đổi trả, bảo h&agrave;nh v&agrave; bảo tr&igrave; cho c&aacute;c trường hợp n&agrave;y.</em></span></p>\r\n<h2><span style=\"font-family: \'times new roman\', times, serif;\"><strong>ĐẶC ĐIỂM NỔI BẬT</strong></span></h2>\r\n<p><span style=\"font-family: \'times new roman\', times, serif;\">C&aacute;c thiết kế&nbsp;trong&nbsp;<strong><u><a href=\"https://moho.com.vn/collections/vline-collection\" target=\"_blank\" rel=\"noopener\">bộ sưu tập nội thất</a></u>&nbsp;VLINE</strong>&nbsp;mang trong m&igrave;nh n&eacute;t đẹp đặc trưng của hồn Việt c&ugrave;ng vẻ đẹp năng động của thời đại. V&rdquo; l&agrave; viết tắt của từ &ldquo;Việt&rdquo; trong &ldquo;Việt Nam&rdquo;.&nbsp;&ldquo;LINE&rdquo; l&agrave; c&aacute;c đường n&eacute;t mang xu hướng hiện đại, ph&oacute;ng kho&aacute;ng của ng&agrave;y nay.&nbsp;</span></p>\r\n<h3><span style=\"font-family: \'times new roman\', times, serif;\"><strong>GHẾ SOFA VLINE</strong></span></h3>\r\n<p><span style=\"font-family: \'times new roman\', times, serif;\">Ghế Sofa VLINE&nbsp;sở hữu gỗ&nbsp;tự nhi&ecirc;n v&agrave; thiết kế theo phong c&aacute;ch&nbsp;tối giản, gi&uacute;p sản phẩm dễ d&agrave;ng kết hợp với c&aacute;c&nbsp;<a href=\"https://moho.com.vn/\" target=\"_blank\" rel=\"noopener\">đồ nội thất</a>&nbsp;m&agrave;u tự nhi&ecirc;n&nbsp;kh&aacute;c trong ph&ograve;ng kh&aacute;ch như&nbsp;<strong><a href=\"https://moho.com.vn/collections/ban-sofa-ban-cafe-ban-tra\" target=\"_blank\" rel=\"noopener\">b&agrave;n tr&agrave; sofa</a>,&nbsp;<a href=\"https://moho.com.vn/collections/tu-giay-tu-trang-tri\" target=\"_blank\" rel=\"noopener\">tủ gi&agrave;y trang tr&iacute;</a>,&nbsp;<a href=\"https://moho.com.vn/collections/tu-ke-tivi\" target=\"_blank\" rel=\"noopener\">tủ kệ tivi</a></strong>&nbsp;để cho ra đời kh&ocirc;ng gian ph&ograve;ng kh&aacute;ch ấm &aacute;p, sang trọng.</span></p>\r\n<p><br><span style=\"font-family: \'times new roman\', times, serif;\"><img title=\"Nội dung sản phẩm\" src=\"https://file.hstatic.net/200000065946/file/noi-that-moho-vline-ghe-sofa-nat-4_cff1b4ec6d6040c8831d67221e3c58ff.png\" alt=\"noi-that-moho-vline-ghe-sofa-nat-4\" width=\"528\" height=\"354\"></span></p>\r\n<h3><span style=\"font-family: \'times new roman\', times, serif;\"><strong>GHẾ SOFA G&Oacute;C VLINE&nbsp;</strong></span></h3>\r\n<h3><span style=\"font-family: \'times new roman\', times, serif;\"><strong>C&oacute; thể kết hợp đa dạng phong c&aacute;ch</strong></span></h3>\r\n<p><span style=\"font-family: \'times new roman\', times, serif;\">Ghế Sofa G&oacute;c Gỗ Cao Su Tự Nhi&ecirc;n MOHO VLINE 601 l&agrave; sản phẩm bổ sung&nbsp;ho&agrave;n thiện ghế Sofa VLINE trước đ&acirc;y, gi&uacute;p bạn n&acirc;ng cao kh&ocirc;ng gian sống cho ph&ograve;ng kh&aacute;ch của m&igrave;nh.</span></p>\r\n<ul>\r\n<li style=\"font-family: \'times new roman\', times, serif;\"><span style=\"font-family: \'times new roman\', times, serif;\">Nệm sofa bằng vải polyester chống bụi, kh&aacute;ng nấm mốc v&agrave; c&oacute; thể dễ d&agrave;ng&nbsp;th&aacute;o bọc nệm để vệ sinh.</span></li>\r\n</ul>\r\n<ul>\r\n<li style=\"font-family: \'times new roman\', times, serif;\"><span style=\"font-family: \'times new roman\', times, serif;\">Sofa g&oacute;c c&oacute; k&iacute;ch thước rộng&nbsp;r&atilde;i thoải m&aacute;i, với thiết kế tinh giản gi&uacute;p tối ưu h&oacute;a diện t&iacute;ch cho&nbsp;<u><a href=\"https://moho.com.vn/collections/phong-khach\" target=\"_blank\" rel=\"noopener\"><strong>nội thất ph&ograve;ng kh&aacute;ch</strong></a></u></span></li>\r\n</ul>\r\n<p><span style=\"font-family: \'times new roman\', times, serif;\"><img title=\"Nội dung sản phẩm\" src=\"https://file.hstatic.net/200000065946/file/noi-that-moho-ghe-sofa-goc-2_20633097f2c246f883e62bc052c28829.jpg\" alt=\"Ghế Sofa G&oacute;c Gỗ Cao Su Tự Nhi&ecirc;n MOHO VLINE 601\" width=\"527\" height=\"357\"></span></p>\r\n<p><span style=\"font-family: \'times new roman\', times, serif;\"><img title=\"Nội dung sản phẩm\" src=\"https://file.hstatic.net/200000065946/file/8_b53c5dc8099c488cb0f1fd92edaff3ea_2048x2048.jpg\" width=\"538\" height=\"538\"></span></p>\r\n<h3><span style=\"font-family: \'times new roman\', times, serif;\"><strong>TỦ KỆ&nbsp;VLINE&nbsp;</strong></span></h3>\r\n<p><span style=\"font-family: \'times new roman\', times, serif;\">Tủ c&oacute; một ngăn tủ lớn c&ugrave;ng 2 ngăn kệ nhỏ tạo điểm nhấn sang trọng, hiện đại, từng chi tiết đẹp tinh tế, v&agrave; phục vụ nhu cầu cất trữ đồ v&agrave; trang tr&iacute; c&aacute;c vật dụng.</span></p>\r\n<p><span style=\"font-family: \'times new roman\', times, serif;\"><strong>Sử dụng chất liệu Rattan</strong></span></p>\r\n<p><span style=\"font-family: \'times new roman\', times, serif;\">Cửa tủ sử dụng chất liệu m&acirc;y tre đan truyền thống đ&atilde; qua xử l&yacute; c&oacute; khả năng chống mối mọt, mang lại tổng thể thiết kế vừa hiện đại vừa mộc mạc v&agrave; tạo cảm gi&aacute;c cho người d&ugrave;ng tự nhi&ecirc;n, gần gũi với thi&ecirc;n nhi&ecirc;n hơn.</span></p>\r\n<p><span style=\"font-family: \'times new roman\', times, serif;\"><img title=\"Nội dung sản phẩm\" src=\"https://file.hstatic.net/200000065946/file/noi-that-moho-vline-tu-tv-nat-4_e4a80dc7a80540c795abae3af90cbca6.jpg\" alt=\"noi-that-moho-vline-tu-tv-nat-4\" width=\"550\" height=\"275\"></span></p>\r\n<p><span style=\"font-family: \'times new roman\', times, serif;\"><strong>Thiết kế cửa tủ kh&ocirc;ng tay nắm</strong></span></p>\r\n<p><span style=\"font-family: \'times new roman\', times, serif;\">Mang lại sự sang trọng nhưng vẫn an to&agrave;n khi đ&atilde; được tối giản để kh&aacute;ch h&agrave;ng c&oacute; trẻ nhỏ an t&acirc;m khi sử dụng.</span></p>\r\n<p><span style=\"font-family: \'times new roman\', times, serif;\"><img title=\"Nội dung sản phẩm\" src=\"https://file.hstatic.net/200000065946/file/noi-that-moho-vline-tu-tv-nat-3_51d5c143c9bd4d6aa23060e8f7041158.jpg\" alt=\"noi-that-moho-vline-tu-tv-nat-3\" width=\"521\" height=\"349\"></span></p>\r\n<p>&nbsp;</p>\r\n<p><span style=\"font-family: \'times new roman\', times, serif;\"><strong>B&Agrave;N TR&Agrave; B&Agrave;N CAFE&nbsp;VLINE&nbsp;</strong></span></p>\r\n<p><span style=\"font-family: \'times new roman\', times, serif;\">Sử dụng chất liệu&nbsp;<u><strong><a href=\"https://moho.com.vn/blogs/noi-that-ung-dung/tim-hieu-ve-cac-loai-go-tu-nhien-thong-dung\" target=\"_blank\" rel=\"noopener\">gỗ th&ocirc;ng</a></strong></u>&nbsp;tự nhi&ecirc;n mang đặc t&iacute;nh chắc chắc, dẻo dai v&agrave; chịu lực tốt.</span></p>\r\n<p><span style=\"font-family: \'times new roman\', times, serif;\">Thiết kế ngăn kệ tho&aacute;ng dễ d&agrave;ng vệ sinh.</span></p>\r\n<p><span style=\"font-family: \'times new roman\', times, serif;\"><img title=\"Nội dung sản phẩm\" src=\"https://file.hstatic.net/200000065946/file/noi-that-moho-vline-ban-sofa-nat-12_5f0da9b1fa7b4437ab140a095131e3b5.jpg\" alt=\"noi-that-moho-vline-ban-sofa-nat-12\" width=\"525\" height=\"350\"></span></p>\r\n<p><span style=\"font-family: \'times new roman\', times, serif;\">B&agrave;n được thiết kế c&oacute; cạnh gờ, gi&uacute;p hạn chế tr&agrave;n nước xuống nền nh&agrave; v&agrave; hạn chế rơi đồ vật.</span></p>\r\n<p><span style=\"font-family: \'times new roman\', times, serif;\"><img title=\"Nội dung sản phẩm\" src=\"https://file.hstatic.net/200000065946/file/noi-that-moho-vline-ban-sofa-nat-11_e55534fefc7e4493918743e9038491ce.jpg\" alt=\"noi-that-moho-vline-ban-sofa-nat-11\" width=\"528\" height=\"264\"></span></p>\r\n<h2><span style=\"font-family: \'times new roman\', times, serif;\"><strong>&nbsp;KH&Ocirc;NG GIAN SỐNG</strong></span></h2>\r\n<div><span style=\"font-family: \'times new roman\', times, serif;\"><img title=\"Nội dung sản phẩm\" src=\"https://file.hstatic.net/200000065946/file/10_85713faf3c9f4a6a8a2ab640c1bbb55e_master.jpg\" width=\"520\" height=\"519\"></span></div>\r\n<p><span style=\"font-family: \'times new roman\', times, serif;\"><img title=\"Nội dung sản phẩm\" src=\"https://file.hstatic.net/200000065946/file/noi-that-moho-bo-ghe-sofa-go-vline-mau-tu-nhien_ac0b97247c4b49f6a2b9a409b8ada4db.jpg\" alt=\"Ghế Sofa G&oacute;c Gỗ Cao Su Tự Nhi&ecirc;n MOHO VLINE 601\" width=\"515\" height=\"360\"></span></p>\r\n<p><span style=\"font-family: \'times new roman\', times, serif;\"><img title=\"Nội dung sản phẩm\" src=\"https://file.hstatic.net/200000065946/file/noi-that-moho-ghe-sofa-go-vline-nem-be_432ce107055d4a78b91f24515604156b.jpg\" alt=\"Combo ghế sofa VLINE kết hợp c&ugrave;ng ghế đ&ocirc;n v&agrave; sofa g&oacute;c\" width=\"525\" height=\"350\"></span></p>\r\n<div class=\"page-content\">\r\n<p><span style=\"font-family: \'times new roman\', times, serif;\"><img title=\"Nội dung sản phẩm\" src=\"https://file.hstatic.net/200000065946/file/z5471796383575_afe7fc65369226b8a41e290b216221a0_8504ff911dc3451f8a83b3e4e5dde388_2048x2048.jpg\" alt=\"lưu &yacute; sản phẩm\" width=\"523\" height=\"245\"></span></p>\r\n</div>',0,'/uploads/ac3fb15d-c090-465f-b7aa-4e3e4fba239d.webp**#ecd4a8||/uploads/336fe673-c529-4d52-b18b-0855626d006d.webp||/uploads/81e4ec70-6311-494e-8870-1a59b5f2b569.webp||/uploads/beb6e200-f9e9-40d8-ada6-f3dcc405df46.webp**#eef0ec||/uploads/4c2d3d8f-76e2-4aed-9577-6211f56f06e9.webp',' 1 Giường ngủ 1m6 hoặc 1m8: Dài 212 x Rộng 176/196 x Cao đến đầu giường 92 (cm)',1,'2025-05-23','2025-05-23',1,1,'X123','Gỗ MDF/ MFC phủ Melamin chuẩn CARB-P2, gỗ tràm tự nhiên, veneer sồi, gỗ cao su, plywood chuẩn CARB-P2'),(9,' Combo Phòng Khách MOHO VLINE Màu Tự Nhiên',100,26460000,17890000,'<h2><span style=\"font-family: \'times new roman\', times, serif;\"><strong>TH&Ocirc;NG SỐ KỸ THUẬT</strong></span></h2>\r\n<p><span style=\"font-family: \'times new roman\', times, serif;\"><img title=\"Nội dung sản phẩm\" src=\"https://file.hstatic.net/200000065946/file/6_7125377f05b54cfe9bb20c7a0a134981_2048x2048.png\" alt=\"ph&ograve;ng kh&aacute;ch vline nat\" width=\"414\" height=\"207\"></span></p>\r\n<p><span style=\"font-family: \'times new roman\', times, serif;\"><img title=\"Nội dung sản phẩm\" src=\"https://file.hstatic.net/200000065946/file/8_8a6370081a6c42aa845f2323c9bd632c_2048x2048.png\" alt=\"ph&ograve;ng kh&aacute;ch vline nat\" width=\"416\" height=\"208\"></span></p>\r\n<p><span style=\"font-family: \'times new roman\', times, serif;\"><img title=\"Nội dung sản phẩm\" src=\"https://file.hstatic.net/200000065946/file/11_02495479fb284a02844a67333490ea72_2048x2048.png\" alt=\"ph&ograve;ng kh&aacute;ch vline nat\" width=\"420\" height=\"210\"></span></p>\r\n<p><span style=\"font-family: \'times new roman\', times, serif;\"><img title=\"Nội dung sản phẩm\" src=\"https://file.hstatic.net/200000065946/file/17_2048x2048.png\" alt=\"ph&ograve;ng kh&aacute;ch vline nat\" width=\"420\" height=\"210\"></span></p>\r\n<h2><span style=\"font-family: \'times new roman\', times, serif;\"><strong>CHI TIẾT VẬT LIỆU</strong></span></h2>\r\n<p><span style=\"font-family: \'times new roman\', times, serif;\"><strong>Vải bọc sợi tổng hợp - soil release</strong></span></p>\r\n<p><span style=\"font-family: \'times new roman\', times, serif;\">Ghế Sofa VLINE sử dụng vải bọc sợi tổng hợp gi&uacute;p kh&aacute;ng khuẩn,&nbsp;chống nhăn, kh&aacute;ng bụi bẩn v&agrave; nấm mốc, dễ d&agrave;ng vệ sinh.</span></p>\r\n<p><span style=\"font-family: \'times new roman\', times, serif;\"><strong>Gỗ&nbsp;tự nhi&ecirc;n</strong></span></p>\r\n<p><span style=\"font-family: \'times new roman\', times, serif;\">Khung ghế sofa, sofa g&oacute;c v&agrave;&nbsp;tủ kệ tv&nbsp;được l&agrave;m bằng&nbsp;<strong>gỗ cao su</strong>&nbsp;tự nhi&ecirc;n đảm bảo vệ độ chắc chắn cao, chống c&ocirc;ng v&ecirc;nh, mối mọt.</span></p>\r\n<p><span style=\"font-family: \'times new roman\', times, serif;\">B&agrave;n cafe sử dụng gỗ th&ocirc;ng mang lại sự nhẹ nh&agrave;ng, dễ di chuyển.</span></p>\r\n<p><span style=\"font-family: \'times new roman\', times, serif;\"><img title=\"Nội dung sản phẩm\" src=\"https://file.hstatic.net/200000065946/file/noi-that-moho-vline-ghe-sofa-nat-2_69e14cde11ae48fb9f01a41a0323ded0.png\" alt=\"noi-that-moho-vline-ghe-sofa-nat-2\" width=\"478\" height=\"239\"></span></p>\r\n<p><span style=\"font-family: \'times new roman\', times, serif;\"><strong>Tấm phản</strong></span></p>\r\n<p><span style=\"font-family: \'times new roman\', times, serif;\">Sử dụng gỗ c&ocirc;ng nghiệp Plywood c&oacute; độ bền cao, đạt chuẩn CARB-P2 an to&agrave;n tuyệt đối cho người sức khỏe người d&ugrave;ng v&agrave; đạt chứng nhận FSC bảo vệ v&agrave; ph&aacute;t triển rừng bền vững.</span></p>\r\n<p><span style=\"font-family: \'times new roman\', times, serif;\"><em>* Một số sản phẩm sử dụng gỗ tự nhi&ecirc;n c&oacute; thể xuất hiện mắt gỗ ngẫu nhi&ecirc;n tr&ecirc;n bề mặt sản phẩm, điều n&agrave;y l&agrave; ho&agrave;n to&agrave;n tự nhi&ecirc;n, tạo n&ecirc;n sự độc đ&aacute;o ri&ecirc;ng cho từng sản phẩm. V&igrave; vậy MOHO sẽ kh&ocirc;ng &aacute;p dụng c&aacute;c ch&iacute;nh s&aacute;ch đổi trả, bảo h&agrave;nh v&agrave; bảo tr&igrave; cho c&aacute;c trường hợp n&agrave;y.</em></span></p>\r\n<h2><span style=\"font-family: \'times new roman\', times, serif;\"><strong>ĐẶC ĐIỂM NỔI BẬT</strong></span></h2>\r\n<p><span style=\"font-family: \'times new roman\', times, serif;\">C&aacute;c thiết kế&nbsp;trong&nbsp;<strong><u><a href=\"https://moho.com.vn/collections/vline-collection\" target=\"_blank\" rel=\"noopener\">bộ sưu tập nội thất</a></u>&nbsp;VLINE</strong>&nbsp;mang trong m&igrave;nh n&eacute;t đẹp đặc trưng của hồn Việt c&ugrave;ng vẻ đẹp năng động của thời đại. V&rdquo; l&agrave; viết tắt của từ &ldquo;Việt&rdquo; trong &ldquo;Việt Nam&rdquo;.&nbsp;&ldquo;LINE&rdquo; l&agrave; c&aacute;c đường n&eacute;t mang xu hướng hiện đại, ph&oacute;ng kho&aacute;ng của ng&agrave;y nay.&nbsp;</span></p>\r\n<h3><span style=\"font-family: \'times new roman\', times, serif;\"><strong>GHẾ SOFA VLINE</strong></span></h3>\r\n<p><span style=\"font-family: \'times new roman\', times, serif;\">Ghế Sofa VLINE&nbsp;sở hữu gỗ&nbsp;tự nhi&ecirc;n v&agrave; thiết kế theo phong c&aacute;ch&nbsp;tối giản, gi&uacute;p sản phẩm dễ d&agrave;ng kết hợp với c&aacute;c&nbsp;<a href=\"https://moho.com.vn/\" target=\"_blank\" rel=\"noopener\">đồ nội thất</a>&nbsp;m&agrave;u tự nhi&ecirc;n&nbsp;kh&aacute;c trong ph&ograve;ng kh&aacute;ch như&nbsp;<strong><a href=\"https://moho.com.vn/collections/ban-sofa-ban-cafe-ban-tra\" target=\"_blank\" rel=\"noopener\">b&agrave;n tr&agrave; sofa</a>,&nbsp;<a href=\"https://moho.com.vn/collections/tu-giay-tu-trang-tri\" target=\"_blank\" rel=\"noopener\">tủ gi&agrave;y trang tr&iacute;</a>,&nbsp;<a href=\"https://moho.com.vn/collections/tu-ke-tivi\" target=\"_blank\" rel=\"noopener\">tủ kệ tivi</a></strong>&nbsp;để cho ra đời kh&ocirc;ng gian ph&ograve;ng kh&aacute;ch ấm &aacute;p, sang trọng.</span></p>\r\n<p><br><span style=\"font-family: \'times new roman\', times, serif;\"><img title=\"Nội dung sản phẩm\" src=\"https://file.hstatic.net/200000065946/file/noi-that-moho-vline-ghe-sofa-nat-4_cff1b4ec6d6040c8831d67221e3c58ff.png\" alt=\"noi-that-moho-vline-ghe-sofa-nat-4\" width=\"521\" height=\"349\"></span></p>\r\n<h3><span style=\"font-family: \'times new roman\', times, serif;\"><strong>GHẾ SOFA G&Oacute;C VLINE&nbsp;</strong></span></h3>\r\n<h3><span style=\"font-family: \'times new roman\', times, serif;\"><strong>C&oacute; thể kết hợp đa dạng phong c&aacute;ch</strong></span></h3>\r\n<p><span style=\"font-family: \'times new roman\', times, serif;\">Ghế Sofa G&oacute;c Gỗ Cao Su Tự Nhi&ecirc;n MOHO VLINE 601 l&agrave; sản phẩm bổ sung&nbsp;ho&agrave;n thiện ghế Sofa VLINE trước đ&acirc;y, gi&uacute;p bạn n&acirc;ng cao kh&ocirc;ng gian sống cho ph&ograve;ng kh&aacute;ch của m&igrave;nh.</span></p>\r\n<ul>\r\n<li style=\"font-family: \'times new roman\', times, serif;\"><span style=\"font-family: \'times new roman\', times, serif;\">Nệm sofa bằng vải polyester chống bụi, kh&aacute;ng nấm mốc v&agrave; c&oacute; thể dễ d&agrave;ng&nbsp;th&aacute;o bọc nệm để vệ sinh.</span></li>\r\n</ul>\r\n<ul>\r\n<li style=\"font-family: \'times new roman\', times, serif;\"><span style=\"font-family: \'times new roman\', times, serif;\">Sofa g&oacute;c c&oacute; k&iacute;ch thước rộng&nbsp;r&atilde;i thoải m&aacute;i, với thiết kế tinh giản gi&uacute;p tối ưu h&oacute;a diện t&iacute;ch cho&nbsp;<u><a href=\"https://moho.com.vn/collections/phong-khach\" target=\"_blank\" rel=\"noopener\"><strong>nội thất ph&ograve;ng kh&aacute;ch</strong></a></u></span></li>\r\n</ul>\r\n<p><span style=\"font-family: \'times new roman\', times, serif;\"><img title=\"Nội dung sản phẩm\" src=\"https://file.hstatic.net/200000065946/file/noi-that-moho-ghe-sofa-goc-2_20633097f2c246f883e62bc052c28829.jpg\" alt=\"Ghế Sofa G&oacute;c Gỗ Cao Su Tự Nhi&ecirc;n MOHO VLINE 601\" width=\"517\" height=\"350\"></span></p>\r\n<p>&nbsp;</p>\r\n<h3><span style=\"font-family: \'times new roman\', times, serif;\"><strong>TỦ KỆ&nbsp;VLINE&nbsp;</strong></span></h3>\r\n<p><span style=\"font-family: \'times new roman\', times, serif;\">Tủ c&oacute; một ngăn tủ lớn c&ugrave;ng 2 ngăn kệ nhỏ tạo điểm nhấn sang trọng, hiện đại, từng chi tiết đẹp tinh tế, v&agrave; phục vụ nhu cầu cất trữ đồ v&agrave; trang tr&iacute; c&aacute;c vật dụng.</span></p>\r\n<p><span style=\"font-family: \'times new roman\', times, serif;\"><strong>Sử dụng chất liệu Rattan</strong></span></p>\r\n<p><span style=\"font-family: \'times new roman\', times, serif;\">Cửa tủ sử dụng chất liệu m&acirc;y tre đan truyền thống đ&atilde; qua xử l&yacute; c&oacute; khả năng chống mối mọt, mang lại tổng thể thiết kế vừa hiện đại vừa mộc mạc v&agrave; tạo cảm gi&aacute;c cho người d&ugrave;ng tự nhi&ecirc;n, gần gũi với thi&ecirc;n nhi&ecirc;n hơn.</span></p>\r\n<p><span style=\"font-family: \'times new roman\', times, serif;\"><img title=\"Nội dung sản phẩm\" src=\"https://file.hstatic.net/200000065946/file/noi-that-moho-vline-tu-tv-nat-4_e4a80dc7a80540c795abae3af90cbca6.jpg\" alt=\"noi-that-moho-vline-tu-tv-nat-4\"></span></p>\r\n<p><span style=\"font-family: \'times new roman\', times, serif;\"><strong>Thiết kế cửa tủ kh&ocirc;ng tay nắm</strong></span></p>\r\n<p><span style=\"font-family: \'times new roman\', times, serif;\">Mang lại sự sang trọng nhưng vẫn an to&agrave;n khi đ&atilde; được tối giản để kh&aacute;ch h&agrave;ng c&oacute; trẻ nhỏ an t&acirc;m khi sử dụng.</span></p>\r\n<p>&nbsp;</p>\r\n<p><span style=\"font-family: \'times new roman\', times, serif;\"><strong>B&Agrave;N TR&Agrave; B&Agrave;N CAFE&nbsp;VLINE&nbsp;</strong></span></p>\r\n<p><span style=\"font-family: \'times new roman\', times, serif;\">Sử dụng chất liệu&nbsp;<u><strong><a href=\"https://moho.com.vn/blogs/noi-that-ung-dung/tim-hieu-ve-cac-loai-go-tu-nhien-thong-dung\" target=\"_blank\" rel=\"noopener\">gỗ th&ocirc;ng</a></strong></u>&nbsp;tự nhi&ecirc;n mang đặc t&iacute;nh chắc chắc, dẻo dai v&agrave; chịu lực tốt.</span></p>\r\n<p><span style=\"font-family: \'times new roman\', times, serif;\">Thiết kế ngăn kệ tho&aacute;ng dễ d&agrave;ng vệ sinh.</span></p>\r\n<p><span style=\"font-family: \'times new roman\', times, serif;\"><img title=\"Nội dung sản phẩm\" src=\"https://file.hstatic.net/200000065946/file/noi-that-moho-vline-ban-sofa-nat-12_5f0da9b1fa7b4437ab140a095131e3b5.jpg\" alt=\"noi-that-moho-vline-ban-sofa-nat-12\" width=\"521\" height=\"347\"></span></p>\r\n<p><span style=\"font-family: \'times new roman\', times, serif;\">B&agrave;n được thiết kế c&oacute; cạnh gờ, gi&uacute;p hạn chế tr&agrave;n nước xuống nền nh&agrave; v&agrave; hạn chế rơi đồ vật.</span></p>',0,'/uploads/633ad7dc-e343-4c3e-aef5-a5048222f35f.jpg**#e7c493||/uploads/d9d1ed39-9720-4ab6-9308-3f4d7df29332.webp||/uploads/bc1334e1-da2f-4f80-9e7b-9063d6b14679.webp||/uploads/149c1f5a-4dd8-4983-a6fd-db0d4a74c443.webp','Dài 180cm x Rộng 85cm x Cao 69cm',1,'2025-05-25','2025-05-25',1,1,'X123','Gỗ cao su tự nhiên - Gỗ thông tự nhiên'),(10,'Combo Phòng Ngủ MOHO VLINE Màu Nâu',100,28460000,20390000,'<div>\r\n<h2><span style=\"font-family: \'times new roman\', times, serif;\"><strong>Chi tiết vật liệu</strong></span></h2>\r\n<div>\r\n<p><span style=\"font-family: \'times new roman\', times, serif;\"><strong>Gỗ tự nhi&ecirc;n</strong></span></p>\r\n<p><span style=\"font-family: \'times new roman\', times, serif;\">Sử dụng&nbsp;gỗ cao su v&agrave; gỗ&nbsp;tr&agrave;m tự nhi&ecirc;n đảm bảo vệ độ chắc chắn cao, chịu lực tốt v&agrave; bền l&acirc;u</span></p>\r\n<p><span style=\"font-family: \'times new roman\', times, serif;\"><strong>Gỗ c&ocirc;ng nghiệp MDF/MFC</strong></span></p>\r\n<p><span style=\"font-family: \'times new roman\', times, serif;\">Gỗ c&ocirc;ng nghiệp (PB, MDF) đạt&nbsp;<strong><a href=\"https://moho.com.vn/blogs/inspiration/noi-that-moho-dat-chuan-carb-p2-an-toan-cho-suc-khoe\" target=\"_blank\" rel=\"noopener\"><u>chuẩn&nbsp;CARB-P2</u></a></strong>&nbsp;an to&agrave;n tuyệt đối cho người sức khỏe người d&ugrave;ng v&agrave; đạt&nbsp;<strong><a href=\"https://moho.com.vn/blogs/noi-that-ung-dung/chung-nhan-fsc-chung-nhan-bao-ve-rung-quy-mo-toan-cau\" target=\"_blank\" rel=\"noopener\"><u>chứng nhận FSC</u></a></strong>&nbsp;bảo vệ v&agrave; ph&aacute;t triển rừng bền vững.&nbsp;</span></p>\r\n<div>\r\n<p><span style=\"font-family: \'times new roman\', times, serif;\"><strong>Gỗ c&ocirc;ng nghiệp Plywood</strong></span></p>\r\n<p><span style=\"font-family: \'times new roman\', times, serif;\">Tấm phảm sử dụng chất liệu Plywood 12mm theo ti&ecirc;u chuẩn CARBP2 vừa th&acirc;n thiện với m&ocirc;i trường, đảm bảo sức khỏe v&agrave; đặc biệt độ chịu lực tại 1 khu vực với diện t&iacute;ch 400 x 488mm l&ecirc;n tới 175kg khi d&ugrave;ng nệm tr&ecirc;n 15cm.</span></p>\r\n</div>\r\n<p><span style=\"font-family: \'times new roman\', times, serif;\"><em>* Một số sản phẩm sử dụng gỗ tự nhi&ecirc;n c&oacute; thể xuất hiện mắt gỗ ngẫu nhi&ecirc;n tr&ecirc;n bề mặt sản phẩm, điều n&agrave;y l&agrave; ho&agrave;n to&agrave;n tự nhi&ecirc;n, tạo n&ecirc;n sự độc đ&aacute;o ri&ecirc;ng cho từng sản phẩm. V&igrave; vậy MOHO sẽ kh&ocirc;ng &aacute;p dụng c&aacute;c ch&iacute;nh s&aacute;ch đổi trả, bảo h&agrave;nh v&agrave; bảo tr&igrave; cho c&aacute;c trường hợp n&agrave;y.</em></span></p>\r\n<h2><span style=\"font-family: \'times new roman\', times, serif;\"><strong>Đặc điểm nổi bật</strong></span></h2>\r\n</div>\r\n<h3><span style=\"font-family: \'times new roman\', times, serif;\"><strong>Giường VLINE 1m6 v&agrave; 1m8</strong></span></h3>\r\n<p><span style=\"font-family: \'times new roman\', times, serif;\"><img title=\"Nội dung sản phẩm\" src=\"https://file.hstatic.net/200000065946/file/3_ffbfab0e99294d72882b0ed0cf821caa_1024x1024.jpg\" alt=\"Giường VLINE n&acirc;u\" width=\"441\" height=\"441\"></span></p>\r\n</div>\r\n<h3><span style=\"font-family: \'times new roman\', times, serif;\"><strong>Tủ quần &aacute;o 2 c&aacute;nh - 3 c&aacute;nh</strong></span></h3>\r\n<div><span style=\"font-family: \'times new roman\', times, serif;\"><img title=\"Nội dung sản phẩm\" src=\"https://file.hstatic.net/200000065946/file/3_b3947f77bd474dad8f2ab3d6f225a383_2048x2048.jpg\" width=\"456\" height=\"912\"></span></div>\r\n<div>&nbsp;</div>\r\n<h3><span style=\"font-family: \'times new roman\', times, serif;\"><strong>Tủ đầu giường VLINE</strong></span></h3>\r\n<div><span style=\"font-family: \'times new roman\', times, serif;\">Tủ được thiết kế&nbsp;<strong>tối ưu c&ocirc;ng năng</strong>: nhỏ gọn gồm phần kệ ngăn v&agrave; hộc tủ ngăn k&eacute;o, gi&uacute;p tối ưu kh&ocirc;ng gian lưu trữ m&agrave; kh&ocirc;ng chiếm nhiều diện t&iacute;ch kh&ocirc;ng gian ph&ograve;ng.</span></div>\r\n<div><span style=\"font-family: \'times new roman\', times, serif;\"><strong><img title=\"Nội dung sản phẩm\" src=\"https://file.hstatic.net/200000065946/file/8_d6ea8935cbc448e7b7b5f0a428d71073_1024x1024.jpg\" width=\"408\" height=\"408\"></strong></span></div>',0,'/uploads/d499d3de-7e45-4829-ba35-aab07d7f843a.webp**#9e857e||/uploads/3899e2c0-3a3a-4b85-9896-ead661a05b23.webp||/uploads/4e1bee05-7fd2-44bd-b066-87255d85a7e8.webp||/uploads/e117c449-c2fd-4faa-8440-7dfb5e2d27d4.webp','Dài 212cm x Rộng 176/196cm x Cao đến đầu giường 92cm',1,'2025-05-25','2025-05-25',1,1,'X123','Gỗ tràm tự nhiên, Veneer gỗ tràm tự nhiên'),(11,'Tủ Quần Áo Gỗ Có Gương MOHO GRENAA 2 Nhiều Kích Thước',100,28460000,20390000,'<p style=\"text-align: center;\"><span style=\"font-family: \'times new roman\', times, serif;\"><a href=\"https://moho.com.vn/products/tu-quan-ao-go-moho-grenaa-2-co-guong-nhieu-kich-thuoc\"><strong>Tủ Quần &Aacute;o Gỗ C&oacute; Gương MOHO GRENAA</strong></a></span></p>\r\n<p><span style=\"font-family: \'times new roman\', times, serif;\">Tủ quần &aacute;o GRENAA kh&ocirc;ng chỉ l&agrave; một sản phẩm lưu trữ tiện dụng m&agrave; c&ograve;n l&agrave; điểm nhấn l&yacute; tưởng cho kh&ocirc;ng gian ph&ograve;ng ngủ của bạn. Với thiết kế hiện đại v&agrave; tối giản, k&egrave;m gương ẩn,&nbsp;kết hợp c&ugrave;ng chất liệu cao cấp v&agrave; an to&agrave;n,&nbsp;<a href=\"https://moho.com.vn/collections/tu-quan-ao\">tủ quần &aacute;o</a>&nbsp;GRENAA sẽ gi&uacute;p bạn sở hữu kh&ocirc;ng gian nghỉ ngơi gọn g&agrave;ng, tiện nghi v&agrave; tinh tế.</span></p>\r\n<h2><span style=\"font-family: \'times new roman\', times, serif;\"><strong>1. Th&ocirc;ng số kỹ thuật</strong></span></h2>\r\n<p><span style=\"font-family: \'times new roman\', times, serif;\"><strong>Set Tủ quần &aacute;o 1m8&nbsp;gồm:</strong></span></p>\r\n<ul>\r\n<li style=\"font-family: \'times new roman\', times, serif;\">\r\n<p><span style=\"font-family: \'times new roman\', times, serif;\">1 Tủ quần &aacute;o kệ ngăn: D&agrave;i 60 X Rộng 60 X Cao 200&nbsp;(cm)</span></p>\r\n</li>\r\n<li style=\"font-family: \'times new roman\', times, serif;\"><span style=\"font-family: \'times new roman\', times, serif;\">1 Tủ quần &aacute;o 2 c&aacute;nh c&oacute; gương: D&agrave;i 120 X Rộng 60&nbsp;X Cao 200&nbsp;(cm)</span></li>\r\n</ul>\r\n<p><span style=\"font-family: \'times new roman\', times, serif;\"><strong>Set Tủ quần &aacute;o 1m2 c&oacute; gương:&nbsp;</strong>&nbsp;D&agrave;i 120 X Rộng 60&nbsp;X Cao 200&nbsp;(cm)</span></p>\r\n<p><span style=\"font-family: \'times new roman\', times, serif;\"><img title=\"Nội dung sản phẩm\" src=\"https://file.hstatic.net/200000065946/file/160_cm_2048x2048.png\" alt=\"set tủ grenaa\" width=\"472\" height=\"236\"></span></p>\r\n<h2><span style=\"font-family: \'times new roman\', times, serif;\"><strong>2. Chi tiết nguy&ecirc;n vật liệu</strong></span></h2>\r\n<h3><span style=\"font-family: \'times new roman\', times, serif;\"><strong>Gỗ c&ocirc;ng nghiệp MDF/MFC ti&ecirc;u chuẩn xuất khẩu Ch&acirc;u &Acirc;u</strong></span></h3>\r\n<p><span style=\"font-family: \'times new roman\', times, serif;\">Với ti&ecirc;u ch&iacute; ưu ti&ecirc;n l&agrave; bảo vệ m&ocirc;i trường v&agrave; cung cấp những sản phẩm an to&agrave;n, tốt cho sức khỏe của con người,&nbsp;<strong><a href=\"https://moho.com.vn/\">Nội Thất MOHO</a></strong>&nbsp;đ&atilde; c&acirc;n nhắc v&agrave; chọn lọc sử dụng những loại vật liệu chất lượng v&agrave; an to&agrave;n cho mọi sản phẩm m&agrave; MOHO cung cấp. V&igrave; vậy m&agrave;&nbsp;&nbsp;tủ quần &aacute;o NARVIK sử dụng&nbsp;<a href=\"https://moho.com.vn/blogs/noi-that-ung-dung/go-cong-nghiep-la-gi-cac-loai-go-cong-nghiep-hien-nay\">gỗ c&ocirc;ng nghiệp MDF/ MFC</a>&nbsp;phủ Melamin đạt chuẩn&nbsp;<a href=\"https://moho.com.vn/blogs/inspiration/noi-that-moho-dat-chuan-carb-p2-an-toan-cho-suc-khoe\"><strong>CARB&nbsp;P2&nbsp;</strong></a>v&agrave;&nbsp;<a href=\"https://moho.com.vn/blogs/inspiration/chung-nhan-fsc-chung-nhan-bao-ve-rung-quy-mo-toan-cau\"><strong>FSC</strong></a> theo ti&ecirc;u chuẩn xuất khẩu.</span></p>\r\n<h3><span style=\"font-family: \'times new roman\', times, serif;\"><strong>Thanh treo hợp kim nh&ocirc;m</strong>&nbsp;</span></h3>\r\n<p><span style=\"font-family: \'times new roman\', times, serif;\">Chống rỉ s&eacute;t, chịu lực từ 10-20kg (trong điều kiện ph&acirc;n bổ lực đồng đều, v&agrave;&nbsp;kh&ocirc;ng c&oacute; yếu tố t&aacute;c động mạnh như rung lắc).&nbsp;Đảm bảo khả năng lưu trữ quần &aacute;o một c&aacute;ch tối ưu.</span></p>\r\n<p><span style=\"font-family: \'times new roman\', times, serif;\"><img title=\"Nội dung sản phẩm\" src=\"https://file.hstatic.net/200000065946/file/dsc09870_2048x2048.jpg\" alt=\"set tủ grenaa\" width=\"527\" height=\"351\"></span></p>\r\n<h3><span style=\"font-family: \'times new roman\', times, serif;\"><strong>Bản lề IVANs cao cấp</strong></span></h3>\r\n<p><span style=\"font-family: \'times new roman\', times, serif;\">Tủ sử dụng bản lề IVANs cao cấp, gi&uacute;p cửa tủ mở v&agrave; đ&oacute;ng nhẹ nh&agrave;ng, bền bỉ, chống rỉ s&eacute;t v&agrave; hạn chế va đập, tiếng ồn, mang đến trải nghiệm sử dụng mượt m&agrave; v&agrave; l&acirc;u d&agrave;i.</span></p>\r\n<p><span style=\"font-family: \'times new roman\', times, serif;\"><img title=\"Nội dung sản phẩm\" src=\"https://file.hstatic.net/200000065946/file/dsc01074_2048x2048.jpg\" alt=\"set tủ grenaa\" width=\"527\" height=\"351\"></span></p>\r\n<h2><span style=\"font-family: \'times new roman\', times, serif;\"><strong>3. Đặc điểm nổi bật</strong></span></h2>\r\n<h3><span style=\"font-family: \'times new roman\', times, serif;\"><strong>Thiết Kế Hiện Đại, Tối Giản</strong>:</span></h3>\r\n<div>\r\n<p><span style=\"font-family: \'times new roman\', times, serif;\">Tủ quần &aacute;o GRENAA sở hữu thiết kế tối giản với gam m&agrave;u lạnh, kh&ocirc;ng pha trộn, gi&uacute;p kh&ocirc;ng gian sống trở n&ecirc;n sang trọng v&agrave; tinh tế.&nbsp;</span></p>\r\n<p><span style=\"font-family: \'times new roman\', times, serif;\">Lược bỏ tay nắm truyền thống, thay v&agrave;o đ&oacute; l&agrave; tay v&aacute;t gi&uacute;p tối ưu kh&ocirc;ng gian v&agrave; tăng t&iacute;nh thẩm mỹ.</span></p>\r\n<h3><span style=\"font-family: \'times new roman\', times, serif;\"><strong>T&iacute;ch hợp gương soi&nbsp;</strong></span></h3>\r\n<p><span style=\"font-family: \'times new roman\', times, serif;\">C&aacute;nh tủ được t&iacute;ch hợp gương soi b&ecirc;n trong, mang lại sự tiện lợi cho bạn khi cần soi gương, thử đồ m&agrave; kh&ocirc;ng lo ảnh hưởng phong thủy hay t&acirc;m linh. Gương được đặt b&ecirc;n trong cửa tủ, gi&uacute;p tiết kiệm kh&ocirc;ng gian m&agrave; vẫn giữ được sự thoải m&aacute;i v&agrave; tiện nghi.</span></p>\r\n</div>\r\n<h3><span style=\"font-family: \'times new roman\', times, serif;\"><strong>C&ocirc;ng Dụng V&agrave; T&iacute;nh Tiện Lợi</strong>:</span></h3>\r\n<p><span style=\"font-family: \'times new roman\', times, serif;\"><strong>Set tủ quần &aacute;o c&oacute; gương&nbsp;1m8&nbsp;</strong>(gồm 1 tủ 2 c&aacute;nh c&oacute; gương&nbsp;1m2 v&agrave; 1 tủ kệ ngăn)<strong>:&nbsp;</strong>Thiết kế tủ quần &aacute;o th&ocirc;ng minh v&agrave; hiện đại, với kh&ocirc;ng gian lưu trữ lớn v&agrave; đa dạng/</span></p>\r\n<p><span style=\"font-family: \'times new roman\', times, serif;\">Một&nbsp;tủ 2 c&aacute;nh k&egrave;m gương soi tiện lợi nằm b&ecirc;n trong cửa tủ, đảm bảo an to&agrave;n&nbsp;v&agrave; tiện lợi</span></p>\r\n<p><span style=\"font-family: \'times new roman\', times, serif;\"><img title=\"Nội dung sản phẩm\" src=\"https://file.hstatic.net/200000065946/file/dsc01080_2048x2048.jpg\" alt=\"set tủ grenaa\" width=\"527\" height=\"351\"></span></p>\r\n<p><span style=\"font-family: \'times new roman\', times, serif;\">Cấu tr&uacute;c tủ tinh tế, với<strong>&nbsp;kh&ocirc;ng gian treo đồ l&ecirc;n tới 1m3 x 1m15</strong>. Thoải m&aacute;i treo nhiều loại đồ kh&aacute;c nhau từ những chiếc &aacute;o thun nhỏ gọn hay tới những chiếc v&aacute;y, đầm d&agrave;i. 4 kệ ngăn với k&iacute;ch thước kh&aacute;c nhau, 2 ngăn dưới c&oacute; thể để vừa vali loại 32cm. Kệ tr&ecirc;n thoải m&aacute;i để c&aacute;c loại gối, chăn hoặc c&aacute;c loại đồ kh&aacute;c.</span></p>\r\n<h3><span style=\"font-family: \'times new roman\', times, serif;\"><strong>Dễ D&agrave;ng Tối Ưu Kh&ocirc;ng Gian</strong></span></h3>\r\n<p><span style=\"font-family: \'times new roman\', times, serif;\">Tủ GRENAA kh&ocirc;ng chỉ gi&uacute;p bạn sắp xếp quần &aacute;o, gi&agrave;y d&eacute;p v&agrave; c&aacute;c vật dụng c&aacute; nh&acirc;n m&agrave; c&ograve;n tối ưu kh&ocirc;ng gian ph&ograve;ng ngủ, tạo sự gọn g&agrave;ng, tiện nghi v&agrave; dễ d&agrave;ng tiếp cận c&aacute;c vật dụng cần thiết.</span></p>',0,'/uploads/c0ec4833-84b0-4612-a369-f7e16952671b.webp**#776e5a||/uploads/1ea8b9bd-8366-428e-bfcc-a3f18d7e9374.webp||/uploads/c768da2a-7db8-458a-80cc-f25ddc901794.webp||/uploads/4510b4d7-b369-4c97-a30b-ab35f2da7b33.webp','Dài 120 X Rộng 60 X Cao 200 (cm)',1,'2025-05-25','2025-05-25',1,1,'X123','Gỗ MFC/MDF chuẩn CARB P2 (*)'),(12,'Tủ Quần Áo Ubeda Ngăn Kệ 201 Có Gương Nhiều Kích Thước',100,9999000,6999000,'<h2><span style=\"font-family: \'times new roman\', times, serif;\"><strong>Th&ocirc;ng số kỹ thuật</strong></span></h2>\r\n<p><span style=\"font-family: \'times new roman\', times, serif;\"><strong>Set Tủ quần &aacute;o 1m8&nbsp;gồm:</strong></span></p>\r\n<ul>\r\n<li style=\"font-family: \'times new roman\', times, serif;\">\r\n<p><span style=\"font-family: \'times new roman\', times, serif;\">1 Tủ quần &aacute;o kệ ngăn c&oacute; gương: D&agrave;i 60 X Rộng 60 X Cao 200&nbsp;(cm)</span></p>\r\n</li>\r\n<li style=\"font-family: \'times new roman\', times, serif;\"><span style=\"font-family: \'times new roman\', times, serif;\">1 Tủ quần &aacute;o 2 c&aacute;nh: D&agrave;i 120 X Rộng 60&nbsp;X Cao 200&nbsp;(cm)</span></li>\r\n</ul>\r\n<p><span style=\"font-family: \'times new roman\', times, serif;\"><strong>Set Tủ quần &aacute;o 1m2:&nbsp;</strong>D&agrave;i 120 X Rộng 60&nbsp;X Cao 200&nbsp;(cm)</span></p>\r\n<p><span style=\"font-family: \'times new roman\', times, serif;\"><img style=\"display: block; margin-left: auto; margin-right: auto;\" title=\"Nội dung sản phẩm\" src=\"https://file.hstatic.net/200000065946/file/ban_sao_cua_160_cm_514cc8a725ac4bb58dc543620ba665a1_2048x2048.png\" width=\"432\" height=\"216\"></span></p>\r\n<h2><span style=\"font-family: \'times new roman\', times, serif;\"><strong>Chi tiết nguy&ecirc;n vật liệu</strong></span></h2>\r\n<p><span style=\"font-family: \'times new roman\', times, serif;\">Với ti&ecirc;u ch&iacute; ưu ti&ecirc;n l&agrave; bảo vệ m&ocirc;i trường v&agrave; cung cấp những sản phẩm an to&agrave;n, tốt cho sức khỏe của con người, MOHO đ&atilde; c&acirc;n nhắc v&agrave; chọn lọc sử dụng những nguy&ecirc;n liệu tốt nhất trong từng sản phẩm.&nbsp;Tủ quần &aacute;o Ubeda được l&agrave;m từ&nbsp;nguy&ecirc;n liệu ch&iacute;nh: gỗ c&ocirc;ng nghiệp MDF/ MFC phủ Melamin đạt chuẩn Carb P2 v&agrave; gỗ cao su.</span></p>\r\n<h3><span style=\"font-family: \'times new roman\', times, serif;\"><strong>Gỗ c&ocirc;ng nghiệp MDF/ MFC phủ Melamin</strong></span></h3>\r\n<p><span style=\"font-family: \'times new roman\', times, serif;\">Sử dụng MDF/ MFC phủ Melamin vừa gi&uacute;p bảo vệ m&ocirc;i trường, vừa tăng khả năng chống trầy xước m&agrave; vẫn đảm bảo kết cấu chắc chắn, bền bỉ cho sản phẩm. Đặc biệt, đạt ti&ecirc;u chuẩn CARBP2 rất an to&agrave;n cho sức khỏe của bạn.</span></p>\r\n<h2><span style=\"font-family: \'times new roman\', times, serif;\"><strong>Đặc điểm chi tiết sản phẩm</strong></span></h2>\r\n<h3><span style=\"font-family: \'times new roman\', times, serif;\"><strong>Set tủ quần &aacute;o c&oacute; gương kh&ocirc;ng c&aacute;nh 1m8 (gồm 1 tủ 2 c&aacute;nh 1m2 v&agrave; 1 tủ c&oacute; gương kh&ocirc;ng c&aacute;nh d&agrave;i 60cm)</strong></span></h3>\r\n<p><span style=\"font-family: \'times new roman\', times, serif;\">- Thiết kế tủ quần &aacute;o th&ocirc;ng minh v&agrave; hiện đại. Vừa c&oacute; thể sử dụng như 1 tủ lưu trữ quần &aacute;o hoặc tủ trang tr&iacute; hoặc b&agrave;n trang điểm</span></p>\r\n<p><span style=\"font-family: \'times new roman\', times, serif;\">- Với thiết kế tối ưu gồm:</span></p>\r\n<p><span style=\"font-family: \'times new roman\', times, serif;\">&nbsp; &nbsp; &nbsp; + 1 gương soi tiện lợi: mặt k&iacute;nh được l&agrave;m từ k&iacute;nh an to&agrave;n, chất lượng cao</span></p>',0,'/uploads/426a728c-5196-4876-980b-ca87ae4ceee7.webp**#d6ba9d||/uploads/a5ed4b15-3ff9-4625-a3b9-6aa391055df3.webp||/uploads/babbee64-e1ac-48dd-8ee6-aeed68a013c2.webp||/uploads/72935cd6-74e6-4797-9c2c-7e091994823d.webp**#978b85||/uploads/deba5f92-90dc-4795-aee8-165deb288181.webp','Tủ quần áo 2 cánh 1m2: Dài 120 X Rộng 60 X Cao 200 (cm)',1,'2025-05-25','2025-05-25',1,1,'X123','Gỗ cao su và gỗ MFC chuẩn CARB P2 (*)');
/*!40000 ALTER TABLE `products` ENABLE KEYS */;
UNLOCK TABLES;

--
-- Table structure for table `reviews`
--

DROP TABLE IF EXISTS `reviews`;
/*!40101 SET @saved_cs_client     = @@character_set_client */;
/*!50503 SET character_set_client = utf8mb4 */;
CREATE TABLE `reviews` (
  `review_id` int NOT NULL AUTO_INCREMENT,
  `rate` int DEFAULT NULL,
  `comment` text,
  `created_at` datetime DEFAULT NULL,
  `user_id` int DEFAULT NULL,
  `product_id` int DEFAULT NULL,
  `order_id` int DEFAULT NULL,
  PRIMARY KEY (`review_id`),
  KEY `user_id` (`user_id`),
  KEY `product_id` (`product_id`),
  KEY `order_id` (`order_id`),
  CONSTRAINT `reviews_ibfk_1` FOREIGN KEY (`user_id`) REFERENCES `users` (`user_id`),
  CONSTRAINT `reviews_ibfk_2` FOREIGN KEY (`product_id`) REFERENCES `products` (`product_id`),
  CONSTRAINT `reviews_ibfk_3` FOREIGN KEY (`order_id`) REFERENCES `orders` (`order_id`)
) ENGINE=InnoDB DEFAULT CHARSET=utf8mb4 COLLATE=utf8mb4_0900_ai_ci;
/*!40101 SET character_set_client = @saved_cs_client */;

--
-- Dumping data for table `reviews`
--

LOCK TABLES `reviews` WRITE;
/*!40000 ALTER TABLE `reviews` DISABLE KEYS */;
/*!40000 ALTER TABLE `reviews` ENABLE KEYS */;
UNLOCK TABLES;

--
-- Table structure for table `roles`
--

DROP TABLE IF EXISTS `roles`;
/*!40101 SET @saved_cs_client     = @@character_set_client */;
/*!50503 SET character_set_client = utf8mb4 */;
CREATE TABLE `roles` (
  `role_id` int NOT NULL AUTO_INCREMENT,
  `role_name` varchar(50) DEFAULT NULL,
  PRIMARY KEY (`role_id`)
) ENGINE=InnoDB AUTO_INCREMENT=3 DEFAULT CHARSET=utf8mb4 COLLATE=utf8mb4_0900_ai_ci;
/*!40101 SET character_set_client = @saved_cs_client */;

--
-- Dumping data for table `roles`
--

LOCK TABLES `roles` WRITE;
/*!40000 ALTER TABLE `roles` DISABLE KEYS */;
INSERT INTO `roles` VALUES (1,'ADMIN'),(2,'CUSTOMER');
/*!40000 ALTER TABLE `roles` ENABLE KEYS */;
UNLOCK TABLES;

--
-- Table structure for table `shipping_address`
--

DROP TABLE IF EXISTS `shipping_address`;
/*!40101 SET @saved_cs_client     = @@character_set_client */;
/*!50503 SET character_set_client = utf8mb4 */;
CREATE TABLE `shipping_address` (
  `shipping_address_id` int NOT NULL AUTO_INCREMENT,
  `fullname` varchar(50) DEFAULT NULL,
  `phone_number` varchar(10) DEFAULT NULL,
  `email` varchar(255) DEFAULT NULL,
  `address` text,
  `is_default` tinyint(1) DEFAULT NULL,
  `order_id` int DEFAULT NULL,
  `user_id` int DEFAULT NULL,
  PRIMARY KEY (`shipping_address_id`),
  KEY `order_id` (`order_id`),
  KEY `user_id` (`user_id`),
  CONSTRAINT `shipping_address_ibfk_1` FOREIGN KEY (`order_id`) REFERENCES `orders` (`order_id`),
  CONSTRAINT `shipping_address_ibfk_2` FOREIGN KEY (`user_id`) REFERENCES `users` (`user_id`)
) ENGINE=InnoDB AUTO_INCREMENT=11 DEFAULT CHARSET=utf8mb4 COLLATE=utf8mb4_0900_ai_ci;
/*!40101 SET character_set_client = @saved_cs_client */;

--
-- Dumping data for table `shipping_address`
--

LOCK TABLES `shipping_address` WRITE;
/*!40000 ALTER TABLE `shipping_address` DISABLE KEYS */;
INSERT INTO `shipping_address` VALUES (1,'Nguyễn Văn A','0912345678','nguyenvana@example.com','Số 1, Đường Lê Lợi, Hà Nội',1,1,1),(2,'Trần Thị B','0934567890','tranthib@example.com','Số 10, Đường Trần Phú, TP.HCM',1,2,2),(3,'Lê Văn C','0987654321','levanc@example.com','Số 5, Phố Huế, Hà Nội',0,3,3),(4,'Phạm Thị D','0971234567','phamthid@example.com','Số 15, Nguyễn Trãi, Đà Nẵng',1,4,4),(5,'Đặng Văn E','0962345678','dangvane@example.com','123 Lý Thường Kiệt, Cần Thơ',1,5,5),(6,'Võ Thị F','0943456789','vothif@example.com','45 Trường Chinh, Huế',0,6,6),(7,'Bùi Văn G','0939876543','buivang@example.com','78 Nguyễn Huệ, Hà Tĩnh',1,7,7),(8,'Hoàng Thị H','0924567890','hoangthih@example.com','9 Hùng Vương, Quảng Ninh',1,8,8),(9,'Trịnh Văn I','0918765432','trinhvani@example.com','Số 66, Phan Đình Phùng, Nghệ An',0,9,9),(10,'Đỗ Thị K','0901234567','dothik@example.com','20 Hai Bà Trưng, Nam Định',1,10,10);
/*!40000 ALTER TABLE `shipping_address` ENABLE KEYS */;
UNLOCK TABLES;

--
-- Table structure for table `users`
--

DROP TABLE IF EXISTS `users`;
/*!40101 SET @saved_cs_client     = @@character_set_client */;
/*!50503 SET character_set_client = utf8mb4 */;
CREATE TABLE `users` (
  `user_id` int NOT NULL AUTO_INCREMENT,
  `password` varchar(255) DEFAULT NULL,
  `gender` varchar(10) DEFAULT NULL,
  `user_fullname` varchar(50) DEFAULT NULL,
  `user_phone_number` varchar(10) DEFAULT NULL,
  `user_email` varchar(255) DEFAULT NULL,
  `user_created_date` date DEFAULT NULL,
  `user_modified_date` date DEFAULT NULL,
  `user_isactive` int DEFAULT NULL,
  `user_address` text,
  `login_count` int DEFAULT NULL,
  `role_id` int DEFAULT NULL,
  PRIMARY KEY (`user_id`),
  KEY `role_id` (`role_id`),
  CONSTRAINT `users_ibfk_1` FOREIGN KEY (`role_id`) REFERENCES `roles` (`role_id`)
) ENGINE=InnoDB AUTO_INCREMENT=43 DEFAULT CHARSET=utf8mb4 COLLATE=utf8mb4_0900_ai_ci;
/*!40101 SET character_set_client = @saved_cs_client */;

--
-- Dumping data for table `users`
--

LOCK TABLES `users` WRITE;
/*!40000 ALTER TABLE `users` DISABLE KEYS */;
INSERT INTO `users` VALUES (1,'$2a$10$hXQEzjSmWfPrV33HnOlPn.1C4c0XFdgP39u5qBZ2rWGe.4P5a56s2','Nam','Nguyễn Văn A','0912345678','nguyenvana@example.com','2025-05-17','2025-05-17',0,'Số 1, Đường Lê Lợi, Hà Nội',1,2),(2,'$2a$10$hXQEzjSmWfPrV33HnOlPn.1C4c0XFdgP39u5qBZ2rWGe.4P5a56s2','Nữ','Trần Thị B','0934567890','tranthib@example.com','2025-05-17','2025-05-17',0,'Số 10, Đường Trần Phú, TP.HCM',1,2),(3,'$2a$10$hXQEzjSmWfPrV33HnOlPn.1C4c0XFdgP39u5qBZ2rWGe.4P5a56s2','Nam','Lê Văn C','0987654321','levanc@example.com','2025-05-17','2025-05-17',1,'Số 5, Phố Huế, Hà Nội',1,2),(4,'$2a$10$hXQEzjSmWfPrV33HnOlPn.1C4c0XFdgP39u5qBZ2rWGe.4P5a56s2','Nữ','Phạm Thị D','0971234567','phamthid@example.com','2025-05-17','2025-05-17',0,'Số 15, Nguyễn Trãi, Đà Nẵng',1,2),(5,'$2a$10$hXQEzjSmWfPrV33HnOlPn.1C4c0XFdgP39u5qBZ2rWGe.4P5a56s2','Nam','Đặng Văn E','0962345678','dangvane@example.com','2025-05-17','2025-05-17',1,'123 Lý Thường Kiệt, Cần Thơ',1,2),(6,'$2a$10$hXQEzjSmWfPrV33HnOlPn.1C4c0XFdgP39u5qBZ2rWGe.4P5a56s2','Nữ','Võ Thị F','0943456789','vothif@example.com','2025-05-17','2025-05-17',1,'45 Trường Chinh, Huế',1,2),(7,'$2a$10$hXQEzjSmWfPrV33HnOlPn.1C4c0XFdgP39u5qBZ2rWGe.4P5a56s2','Nam','Bùi Văn G','0939876543','buivang@example.com','2025-05-17','2025-05-17',1,'78 Nguyễn Huệ, Hà Tĩnh',1,2),(8,'$2a$10$hXQEzjSmWfPrV33HnOlPn.1C4c0XFdgP39u5qBZ2rWGe.4P5a56s2','Nữ','Hoàng Thị H','0924567890','hoangthih@example.com','2025-05-17','2025-05-17',0,'9 Hùng Vương, Quảng Ninh',1,2),(9,'$2a$10$hXQEzjSmWfPrV33HnOlPn.1C4c0XFdgP39u5qBZ2rWGe.4P5a56s2','Nam','Trịnh Văn I','0918765432','trinhvani@example.com','2025-05-17','2025-05-17',1,'Số 66, Phan Đình Phùng, Nghệ An',1,2),(10,'$2a$10$hXQEzjSmWfPrV33HnOlPn.1C4c0XFdgP39u5qBZ2rWGe.4P5a56s2','Nữ','Đỗ Thị K','0901234567','dothik@example.com','2025-05-17','2025-05-17',1,'20 Hai Bà Trưng, Nam Định',1,2),(11,'$2a$10$hXQEzjSmWfPrV33HnOlPn.1C4c0XFdgP39u5qBZ2rWGe.4P5a56s2','Nam','Trịnh Văn X','0918765432','trinhvani@example.com','2025-05-17','2025-05-17',0,'Số 66, Phan Đình Phùng, Nghệ An',1,2),(12,'$2a$10$hXQEzjSmWfPrV33HnOlPn.1C4c0XFdgP39u5qBZ2rWGe.4P5a56s2','Nữ','Đỗ Thị Z','0901234567','dothik@example.com','2025-05-17','2025-05-17',0,'20 Hai Bà Trưng, Nam Định',1,2),(13,'$2a$10$hXQEzjSmWfPrV33HnOlPn.1C4c0XFdgP39u5qBZ2rWGe.4P5a56s2','Nam','Nguyễn Văn L','0901000001','nguyenvanl@example.com','2025-05-17','2025-05-17',1,'1A Đường Láng, Hà Nội',1,2),(14,'$2a$10$hXQEzjSmWfPrV33HnOlPn.1C4c0XFdgP39u5qBZ2rWGe.4P5a56s2','Nữ','Trần Thị M','0901000002','tranthim@example.com','2025-05-17','2025-05-17',1,'2B Trường Sa, TP.HCM',1,2),(15,'$2a$10$hXQEzjSmWfPrV33HnOlPn.1C4c0XFdgP39u5qBZ2rWGe.4P5a56s2','Nam','Lê Văn N','0901000003','levann@example.com','2025-05-17','2025-05-17',1,'3C Nguyễn Đình Chiểu, Đà Nẵng',1,2),(16,'$2a$10$hXQEzjSmWfPrV33HnOlPn.1C4c0XFdgP39u5qBZ2rWGe.4P5a56s2','Nữ','Phạm Thị O','0901000004','phamthio@example.com','2025-05-17','2025-05-17',1,'4D Hùng Vương, Huế',1,2),(17,'$2a$10$hXQEzjSmWfPrV33HnOlPn.1C4c0XFdgP39u5qBZ2rWGe.4P5a56s2','Nam','Đặng Văn P','0901000005','dangvanp@example.com','2025-05-17','2025-05-17',1,'5E Điện Biên Phủ, Cần Thơ',1,2),(18,'$2a$10$hXQEzjSmWfPrV33HnOlPn.1C4c0XFdgP39u5qBZ2rWGe.4P5a56s2','Nữ','Võ Thị Q','0901000006','vothiq@example.com','2025-05-17','2025-05-17',1,'6F Nguyễn Trãi, Hà Nam',1,2),(19,'$2a$10$hXQEzjSmWfPrV33HnOlPn.1C4c0XFdgP39u5qBZ2rWGe.4P5a56s2','Nam','Bùi Văn R','0901000007','buivanr@example.com','2025-05-17','2025-05-17',1,'7G Trần Hưng Đạo, Bắc Ninh',1,2),(20,'$2a$10$hXQEzjSmWfPrV33HnOlPn.1C4c0XFdgP39u5qBZ2rWGe.4P5a56s2','Nữ','Hoàng Thị S','0901000008','hoangthis@example.com','2025-05-17','2025-05-17',1,'8H Quang Trung, Thái Nguyên',1,2),(21,'$2a$10$hXQEzjSmWfPrV33HnOlPn.1C4c0XFdgP39u5qBZ2rWGe.4P5a56s2','Nam','Trịnh Văn T','0901000009','trinhvant@example.com','2025-05-17','2025-05-17',1,'9I Lê Duẩn, Hải Phòng',1,2),(22,'$2a$10$hXQEzjSmWfPrV33HnOlPn.1C4c0XFdgP39u5qBZ2rWGe.4P5a56s2','Nữ','Đỗ Thị U','0901000010','dothiu@example.com','2025-05-17','2025-05-17',1,'10J Hai Bà Trưng, Thanh Hóa',1,2),(23,'$2a$10$hXQEzjSmWfPrV33HnOlPn.1C4c0XFdgP39u5qBZ2rWGe.4P5a56s2','Nam','Phan Văn V','0901000011','phanvanv@example.com','2025-05-17','2025-05-17',1,'11K Trần Phú, Nam Định',1,2),(24,'$2a$10$hXQEzjSmWfPrV33HnOlPn.1C4c0XFdgP39u5qBZ2rWGe.4P5a56s2','Nữ','Lý Thị W','0901000012','lythiw@example.com','2025-05-17','2025-05-17',1,'12L Phạm Ngũ Lão, Quảng Ninh',1,2),(25,'$2a$10$hXQEzjSmWfPrV33HnOlPn.1C4c0XFdgP39u5qBZ2rWGe.4P5a56s2','Nam','Vũ Văn X','0901000013','vuvanx@example.com','2025-05-17','2025-05-17',1,'13M Bạch Đằng, Nghệ An',1,2),(26,'$2a$10$hXQEzjSmWfPrV33HnOlPn.1C4c0XFdgP39u5qBZ2rWGe.4P5a56s2','Nữ','Ngô Thị Y','0901000014','ngothiy@example.com','2025-05-17','2025-05-17',1,'14N Lý Thường Kiệt, Hà Tĩnh',1,2),(27,'$2a$10$hXQEzjSmWfPrV33HnOlPn.1C4c0XFdgP39u5qBZ2rWGe.4P5a56s2','Nam','Đỗ Văn Z','0901000015','dovanz@example.com','2025-05-17','2025-05-17',1,'15O Trần Hưng Đạo, Huế',1,2),(28,'$2a$10$hXQEzjSmWfPrV33HnOlPn.1C4c0XFdgP39u5qBZ2rWGe.4P5a56s2','Nữ','Trương Thị AA','0901000016','truongthiaa@example.com','2025-05-17','2025-05-17',1,'16P Nguyễn Huệ, Đà Nẵng',1,2),(29,'$2a$10$hXQEzjSmWfPrV33HnOlPn.1C4c0XFdgP39u5qBZ2rWGe.4P5a56s2','Nam','Phạm Văn BB','0901000017','phamvanbb@example.com','2025-05-17','2025-05-17',1,'17Q Điện Biên Phủ, TP.HCM',1,2),(30,'$2a$10$hXQEzjSmWfPrV33HnOlPn.1C4c0XFdgP39u5qBZ2rWGe.4P5a56s2','Nữ','Lê Thị CC','0901000018','lethicc@example.com','2025-05-17','2025-05-17',1,'18R Hùng Vương, Cần Thơ',1,2),(31,'$2a$10$hXQEzjSmWfPrV33HnOlPn.1C4c0XFdgP39u5qBZ2rWGe.4P5a56s2','Nam','Trần Văn DD','0901000019','tranvandd@example.com','2025-05-17','2025-05-17',1,'19S Nguyễn Trãi, Hà Nội',1,2),(32,'$2a$10$hXQEzjSmWfPrV33HnOlPn.1C4c0XFdgP39u5qBZ2rWGe.4P5a56s2','Nữ','Hoàng Thị EE','0901000020','hoangthiee@example.com','2025-05-17','2025-05-17',1,'20T Quang Trung, Hải Phòng',1,2),(33,'$2a$10$hXQEzjSmWfPrV33HnOlPn.1C4c0XFdgP39u5qBZ2rWGe.4P5a56s2','Nam','Nguyễn Văn FF','0901000021','nguyenvanff@example.com','2025-05-17','2025-05-17',1,'21U Trần Phú, Nam Định',1,2),(34,'$2a$10$hXQEzjSmWfPrV33HnOlPn.1C4c0XFdgP39u5qBZ2rWGe.4P5a56s2','Nữ','Đặng Thị GG','0901000022','dangthigg@example.com','2025-05-17','2025-05-17',1,'22V Hai Bà Trưng, Hà Nam',1,2),(35,'$2a$10$hXQEzjSmWfPrV33HnOlPn.1C4c0XFdgP39u5qBZ2rWGe.4P5a56s2','Nam','Phan Văn HH','0901000023','phanvanhh@example.com','2025-05-17','2025-05-17',1,'23W Lê Duẩn, Thái Nguyên',1,2),(36,'$2a$10$hXQEzjSmWfPrV33HnOlPn.1C4c0XFdgP39u5qBZ2rWGe.4P5a56s2','Nữ','Bùi Thị II','0901000024','buithii@example.com','2025-05-17','2025-05-17',1,'24X Nguyễn Đình Chiểu, Quảng Ninh',1,2),(37,'$2a$10$hXQEzjSmWfPrV33HnOlPn.1C4c0XFdgP39u5qBZ2rWGe.4P5a56s2','Nam','Võ Văn JJ','0901000025','vovanjj@example.com','2025-05-17','2025-05-17',1,'25Y Phạm Ngũ Lão, Nghệ An',1,2),(38,'$2a$10$hXQEzjSmWfPrV33HnOlPn.1C4c0XFdgP39u5qBZ2rWGe.4P5a56s2','Nữ','Lý Thị KK','0901000026','lythikk@example.com','2025-05-17','2025-05-17',1,'26Z Lý Thường Kiệt, Hà Tĩnh',1,2),(39,'$2a$10$hXQEzjSmWfPrV33HnOlPn.1C4c0XFdgP39u5qBZ2rWGe.4P5a56s2','Nam','Trịnh Văn LL','0901000027','trinhvanll@example.com','2025-05-17','2025-05-17',1,'27A Trần Hưng Đạo, Huế',1,2),(40,'$2a$10$hXQEzjSmWfPrV33HnOlPn.1C4c0XFdgP39u5qBZ2rWGe.4P5a56s2','Nữ','Ngô Thị MM','0901000028','ngothimm@example.com','2025-05-17','2025-05-17',1,'28B Nguyễn Huệ, Đà Nẵng',1,2),(41,'$2a$10$hXQEzjSmWfPrV33HnOlPn.1C4c0XFdgP39u5qBZ2rWGe.4P5a56s2','Nam','Đỗ Văn NN','0901000029','dovann@example.com','2025-05-17','2025-05-17',1,'29C Điện Biên Phủ, TP.HCM',1,2),(42,'$2a$10$hXQEzjSmWfPrV33HnOlPn.1C4c0XFdgP39u5qBZ2rWGe.4P5a56s2','Nữ','Phạm Thị OO','0901000030','phamthioo@example.com','2025-05-17','2025-05-17',1,'30D Hùng Vương, Cần Thơ',1,2);
/*!40000 ALTER TABLE `users` ENABLE KEYS */;
UNLOCK TABLES;
/*!40103 SET TIME_ZONE=@OLD_TIME_ZONE */;

/*!40101 SET SQL_MODE=@OLD_SQL_MODE */;
/*!40014 SET FOREIGN_KEY_CHECKS=@OLD_FOREIGN_KEY_CHECKS */;
/*!40014 SET UNIQUE_CHECKS=@OLD_UNIQUE_CHECKS */;
/*!40101 SET CHARACTER_SET_CLIENT=@OLD_CHARACTER_SET_CLIENT */;
/*!40101 SET CHARACTER_SET_RESULTS=@OLD_CHARACTER_SET_RESULTS */;
/*!40101 SET COLLATION_CONNECTION=@OLD_COLLATION_CONNECTION */;
/*!40111 SET SQL_NOTES=@OLD_SQL_NOTES */;

-- Dump completed on 2025-06-06 14:45:37
