CREATE DATABASE  IF NOT EXISTS `furniture` /*!40100 DEFAULT CHARACTER SET utf8mb4 COLLATE utf8mb4_0900_ai_ci */ /*!80016 DEFAULT ENCRYPTION='N' */;
USE `furniture`;
-- MySQL dump 10.13  Distrib 8.0.34, for Win64 (x86_64)
--
-- Host: 127.0.0.1    Database: furniture
-- ------------------------------------------------------
-- Server version	8.0.35

/*!40101 SET @OLD_CHARACTER_SET_CLIENT=@@CHARACTER_SET_CLIENT */;
/*!40101 SET @OLD_CHARACTER_SET_RESULTS=@@CHARACTER_SET_RESULTS */;
/*!40101 SET @OLD_COLLATION_CONNECTION=@@COLLATION_CONNECTION */;
/*!50503 SET NAMES utf8 */;
/*!40103 SET @OLD_TIME_ZONE=@@TIME_ZONE */;
/*!40103 SET TIME_ZONE='+00:00' */;
/*!40014 SET @OLD_UNIQUE_CHECKS=@@UNIQUE_CHECKS, UNIQUE_CHECKS=0 */;
/*!40014 SET @OLD_FOREIGN_KEY_CHECKS=@@FOREIGN_KEY_CHECKS, FOREIGN_KEY_CHECKS=0 */;
/*!40101 SET @OLD_SQL_MODE=@@SQL_MODE, SQL_MODE='NO_AUTO_VALUE_ON_ZERO' */;
/*!40111 SET @OLD_SQL_NOTES=@@SQL_NOTES, SQL_NOTES=0 */;

--
-- Table structure for table `brands`
--

DROP TABLE IF EXISTS `brands`;
/*!40101 SET @saved_cs_client     = @@character_set_client */;
/*!50503 SET character_set_client = utf8mb4 */;
CREATE TABLE `brands` (
  `brand_id` int NOT NULL AUTO_INCREMENT,
  `brand_name` varchar(255) DEFAULT NULL,
  PRIMARY KEY (`brand_id`)
) ENGINE=InnoDB AUTO_INCREMENT=3 DEFAULT CHARSET=utf8mb4 COLLATE=utf8mb4_0900_ai_ci;
/*!40101 SET character_set_client = @saved_cs_client */;

--
-- Dumping data for table `brands`
--

LOCK TABLES `brands` WRITE;
/*!40000 ALTER TABLE `brands` DISABLE KEYS */;
INSERT INTO `brands` VALUES (1,'MOHO'),(2,'HOHO');
/*!40000 ALTER TABLE `brands` ENABLE KEYS */;
UNLOCK TABLES;

--
-- Table structure for table `cart`
--

DROP TABLE IF EXISTS `cart`;
/*!40101 SET @saved_cs_client     = @@character_set_client */;
/*!50503 SET character_set_client = utf8mb4 */;
CREATE TABLE `cart` (
  `cart_id` int NOT NULL AUTO_INCREMENT,
  `quantity` int DEFAULT NULL,
  `user_id` int DEFAULT NULL,
  `product_id` int DEFAULT NULL,
  PRIMARY KEY (`cart_id`),
  KEY `user_id` (`user_id`),
  KEY `product_id` (`product_id`),
  CONSTRAINT `cart_ibfk_1` FOREIGN KEY (`user_id`) REFERENCES `users` (`user_id`),
  CONSTRAINT `cart_ibfk_2` FOREIGN KEY (`product_id`) REFERENCES `products` (`product_id`)
) ENGINE=InnoDB AUTO_INCREMENT=16 DEFAULT CHARSET=utf8mb4 COLLATE=utf8mb4_0900_ai_ci;
/*!40101 SET character_set_client = @saved_cs_client */;

--
-- Dumping data for table `cart`
--

LOCK TABLES `cart` WRITE;
/*!40000 ALTER TABLE `cart` DISABLE KEYS */;
INSERT INTO `cart` VALUES (1,2,25,31),(10,1,70,7),(11,1,70,21),(13,1,71,32),(15,1,72,32);
/*!40000 ALTER TABLE `cart` ENABLE KEYS */;
UNLOCK TABLES;

--
-- Table structure for table `categories`
--

DROP TABLE IF EXISTS `categories`;
/*!40101 SET @saved_cs_client     = @@character_set_client */;
/*!50503 SET character_set_client = utf8mb4 */;
CREATE TABLE `categories` (
  `category_id` int NOT NULL AUTO_INCREMENT,
  `category_name` varchar(255) DEFAULT NULL,
  `category_description` text,
  `is_active` int DEFAULT '1',
  PRIMARY KEY (`category_id`)
) ENGINE=InnoDB AUTO_INCREMENT=34 DEFAULT CHARSET=utf8mb4 COLLATE=utf8mb4_0900_ai_ci;
/*!40101 SET character_set_client = @saved_cs_client */;

--
-- Dumping data for table `categories`
--

LOCK TABLES `categories` WRITE;
/*!40000 ALTER TABLE `categories` DISABLE KEYS */;
INSERT INTO `categories` VALUES (1,'Nội Thất Trong Nhà','Số 1 Việt Nam',1),(27,'Ghế gỗ','Ghế gỗ tuyệt nhất thế gian',1),(28,'Phòng Ngủ','aaaa',1),(29,'Phòng Khách','aaaaaaaaaaa',1),(30,'Phòng Ăn','aaaaaaaaaaaa',1),(31,'Phòng Làm Việc','aaaaaaaaaaa',1),(32,'Tủ Bếp','aaaaaaaaaaaa',1);
/*!40000 ALTER TABLE `categories` ENABLE KEYS */;
UNLOCK TABLES;

--
-- Table structure for table `favorites`
--

DROP TABLE IF EXISTS `favorites`;
/*!40101 SET @saved_cs_client     = @@character_set_client */;
/*!50503 SET character_set_client = utf8mb4 */;
CREATE TABLE `favorites` (
  `favorite_id` int NOT NULL AUTO_INCREMENT,
  `user_id` int DEFAULT NULL,
  `product_id` int DEFAULT NULL,
  PRIMARY KEY (`favorite_id`),
  KEY `user_id` (`user_id`),
  KEY `product_id` (`product_id`),
  CONSTRAINT `favorites_ibfk_1` FOREIGN KEY (`user_id`) REFERENCES `users` (`user_id`),
  CONSTRAINT `favorites_ibfk_2` FOREIGN KEY (`product_id`) REFERENCES `products` (`product_id`)
) ENGINE=InnoDB DEFAULT CHARSET=utf8mb4 COLLATE=utf8mb4_0900_ai_ci;
/*!40101 SET character_set_client = @saved_cs_client */;

--
-- Dumping data for table `favorites`
--

LOCK TABLES `favorites` WRITE;
/*!40000 ALTER TABLE `favorites` DISABLE KEYS */;
/*!40000 ALTER TABLE `favorites` ENABLE KEYS */;
UNLOCK TABLES;

--
-- Table structure for table `material`
--

DROP TABLE IF EXISTS `material`;
/*!40101 SET @saved_cs_client     = @@character_set_client */;
/*!50503 SET character_set_client = utf8mb4 */;
CREATE TABLE `material` (
  `material_id` int NOT NULL AUTO_INCREMENT,
  `material_name` varchar(45) NOT NULL,
  `description` varchar(255) DEFAULT NULL,
  PRIMARY KEY (`material_id`)
) ENGINE=InnoDB AUTO_INCREMENT=8 DEFAULT CHARSET=utf8mb4 COLLATE=utf8mb4_0900_ai_ci;
/*!40101 SET character_set_client = @saved_cs_client */;

--
-- Dumping data for table `material`
--

LOCK TABLES `material` WRITE;
/*!40000 ALTER TABLE `material` DISABLE KEYS */;
INSERT INTO `material` VALUES (3,'Gỗ sồi','Gỗ tự nhiên có vân đẹp, màu sáng, độ bền cao, thường dùng cho bàn ghế, tủ và sàn gỗ.'),(4,'Gỗ công nghiệp MDF phủ Melamine','Được làm từ sợi gỗ ép, phủ lớp Melamine chống trầy xước, chống ẩm, giá thành rẻ hơn gỗ tự nhiên.'),(5,'Kim loại sơn tĩnh điện','Bền, chịu lực tốt, bề mặt phủ sơn tĩnh điện giúp chống gỉ và tạo vẻ hiện đại cho sản phẩm.'),(6,'Da tổng hợp','Chất liệu nhân tạo mô phỏng da thật, mềm mại, dễ vệ sinh và có nhiều màu sắc lựa chọn.'),(7,'Vải nỉ cao cấp','Vải mềm mịn, sang trọng, thường dùng cho sofa hoặc ghế ngồi, tạo cảm giác ấm áp và êm ái.');
/*!40000 ALTER TABLE `material` ENABLE KEYS */;
UNLOCK TABLES;

--
-- Table structure for table `order_items`
--

DROP TABLE IF EXISTS `order_items`;
/*!40101 SET @saved_cs_client     = @@character_set_client */;
/*!50503 SET character_set_client = utf8mb4 */;
CREATE TABLE `order_items` (
  `order_item_id` int NOT NULL AUTO_INCREMENT,
  `order_quantity` int DEFAULT NULL,
  `order_price` float DEFAULT NULL,
  `order_id` int DEFAULT NULL,
  `product_id` int DEFAULT NULL,
  PRIMARY KEY (`order_item_id`),
  KEY `order_id` (`order_id`),
  KEY `product_id` (`product_id`),
  CONSTRAINT `order_items_ibfk_1` FOREIGN KEY (`order_id`) REFERENCES `orders` (`order_id`),
  CONSTRAINT `order_items_ibfk_2` FOREIGN KEY (`product_id`) REFERENCES `products` (`product_id`)
) ENGINE=InnoDB AUTO_INCREMENT=6 DEFAULT CHARSET=utf8mb4 COLLATE=utf8mb4_0900_ai_ci;
/*!40101 SET character_set_client = @saved_cs_client */;

--
-- Dumping data for table `order_items`
--

LOCK TABLES `order_items` WRITE;
/*!40000 ALTER TABLE `order_items` DISABLE KEYS */;
INSERT INTO `order_items` VALUES (1,1,3590000,4910,7),(2,1,1399000,4911,21),(3,1,1399000,4912,21),(4,1,1399000,4913,21),(5,1,3590000,4914,32);
/*!40000 ALTER TABLE `order_items` ENABLE KEYS */;
UNLOCK TABLES;

--
-- Table structure for table `orders`
--

DROP TABLE IF EXISTS `orders`;
/*!40101 SET @saved_cs_client     = @@character_set_client */;
/*!50503 SET character_set_client = utf8mb4 */;
CREATE TABLE `orders` (
  `order_id` int NOT NULL AUTO_INCREMENT,
  `total_price` float DEFAULT NULL,
  `order_status` varchar(20) DEFAULT NULL,
  `payment_status` varchar(255) DEFAULT NULL,
  `payment_method` varchar(255) DEFAULT NULL,
  `created_at` date DEFAULT NULL,
  `order_note` varchar(255) DEFAULT NULL,
  `user_id` int DEFAULT NULL,
  PRIMARY KEY (`order_id`),
  KEY `user_id` (`user_id`),
  CONSTRAINT `orders_ibfk_1` FOREIGN KEY (`user_id`) REFERENCES `users` (`user_id`)
) ENGINE=InnoDB AUTO_INCREMENT=4915 DEFAULT CHARSET=utf8mb4 COLLATE=utf8mb4_0900_ai_ci;
/*!40101 SET character_set_client = @saved_cs_client */;

--
-- Dumping data for table `orders`
--

LOCK TABLES `orders` WRITE;
/*!40000 ALTER TABLE `orders` DISABLE KEYS */;
INSERT INTO `orders` VALUES (4910,3590000,'SHIPPING','PAID','BANK_TRANSFER','2025-11-05',NULL,70),(4911,1399000,'PENDING','UNPAID','BANK_TRANSFER','2025-11-05',NULL,72),(4912,1399000,'PENDING','UNPAID','BANK_TRANSFER','2025-11-05',NULL,72),(4913,1399000,'PENDING','UNPAID','CASH_ON_DELIVERY','2025-11-05',NULL,72),(4914,3590000,'PENDING','UNPAID','CASH_ON_DELIVERY','2025-11-05',NULL,72);
/*!40000 ALTER TABLE `orders` ENABLE KEYS */;
UNLOCK TABLES;

--
-- Table structure for table `products`
--

DROP TABLE IF EXISTS `products`;
/*!40101 SET @saved_cs_client     = @@character_set_client */;
/*!50503 SET character_set_client = utf8mb4 */;
CREATE TABLE `products` (
  `product_id` int NOT NULL AUTO_INCREMENT,
  `product_name` varchar(255) DEFAULT NULL,
  `product_total` int DEFAULT NULL,
  `product_price` float DEFAULT NULL,
  `product_discount_price` float DEFAULT NULL,
  `product_description` text,
  `product_visited` int DEFAULT NULL,
  `product_image_url` text,
  `product_size` varchar(255) DEFAULT NULL,
  `product_enable` int DEFAULT NULL,
  `created_at` date DEFAULT NULL,
  `updated_at` date DEFAULT NULL,
  `brand_id` int DEFAULT NULL,
  `category_id` int DEFAULT NULL,
  `product_code` varchar(45) DEFAULT NULL,
  `product_material` text,
  `material_id` int DEFAULT NULL,
  PRIMARY KEY (`product_id`),
  KEY `brand_id` (`brand_id`),
  KEY `category_id` (`category_id`),
  KEY `products_ibfk_3_idx` (`material_id`),
  CONSTRAINT `products_ibfk_1` FOREIGN KEY (`brand_id`) REFERENCES `brands` (`brand_id`),
  CONSTRAINT `products_ibfk_2` FOREIGN KEY (`category_id`) REFERENCES `categories` (`category_id`),
  CONSTRAINT `products_ibfk_3` FOREIGN KEY (`material_id`) REFERENCES `material` (`material_id`)
) ENGINE=InnoDB AUTO_INCREMENT=33 DEFAULT CHARSET=utf8mb4 COLLATE=utf8mb4_0900_ai_ci;
/*!40101 SET character_set_client = @saved_cs_client */;

--
-- Dumping data for table `products`
--

LOCK TABLES `products` WRITE;
/*!40000 ALTER TABLE `products` DISABLE KEYS */;
INSERT INTO `products` VALUES (6,'Bộ Bàn Ăn Scania (Màu Tự Nhiên, Mặt Vân Đá, 140)',100,13990000,11990000,'<p><span style=\"font-family: \'times new roman\', times, serif;\"><strong>BỘ&nbsp;B&Agrave;N ĂN V&Acirc;N Đ&Aacute; TỰ NHI&Ecirc;N&nbsp;<u>SCANIA</u></strong></span></p>\r\n<h2><span style=\"font-family: \'times new roman\', times, serif;\"><strong>1. TH&Ocirc;NG SỐ KỸ THUẬT</strong></span></h2>\r\n<p><span style=\"font-family: \'times new roman\', times, serif;\"><img style=\"display: block; margin-left: auto; margin-right: auto;\" title=\"Nội dung sản phẩm\" src=\"https://file.hstatic.net/200000065946/file/z6597452262947_58a5437d38425367e5b0c8e62af26737_57c61a20a44b4815bf4ac9abd4b97737_2048x2048.jpg\" alt=\"bộ b&agrave;n ăn scania\" width=\"252\" height=\"252\"></span></p>\r\n<p>&nbsp;</p>\r\n<h2><span style=\"font-family: \'times new roman\', times, serif;\"><strong>2. CHI TIẾT VẬT LIỆU</strong></span></h2>\r\n<p><span style=\"font-family: \'times new roman\', times, serif;\"><strong>Khung ch&acirc;n : Gỗ cao su tự nhi&ecirc;n</strong></span></p>\r\n<p><span style=\"font-family: \'times new roman\', times, serif;\">B&agrave;n ăn gia đ&igrave;nh l&agrave;m từ chất liệu&nbsp;<a href=\"https://moho.com.vn/blogs/noi-that-ung-dung/tim-hieu-ve-cac-loai-go-tu-nhien-thong-dung\" target=\"_blank\" rel=\"noopener\"><u><strong>gỗ cao su</strong></u></a>&nbsp;tự nhi&ecirc;n đảm bảo độ chắc chắn cao, chống c&ocirc;ng v&ecirc;nh, mối mọt. M&agrave;u gỗ bắt mắt, đẹp tạo n&eacute;t hiện đại&nbsp;.</span></p>\r\n<p><span style=\"font-family: \'times new roman\', times, serif;\"><strong>Mặt b&agrave;n : Gỗ c&ocirc;ng nghiệp phủ Melamine v&acirc;n đ&aacute; tự nhi&ecirc;n&nbsp;</strong></span></p>\r\n<p><span style=\"font-family: \'times new roman\', times, serif;\">Lớp phủ Melamine c&oacute; thể t&aacute;i tạo ch&acirc;n thật v&acirc;n đ&aacute; tự nhi&ecirc;n mang lại vẻ đẹp sang trọng v&agrave; hiện đại.</span></p>\r\n<p><span style=\"font-family: \'times new roman\', times, serif;\"><img style=\"display: block; margin-left: auto; margin-right: auto;\" title=\"Nội dung sản phẩm\" src=\"https://file.hstatic.net/200000065946/file/z6526735263438_ce3f3e4fb92840a04b2488b8a5ceffe2_1024x1024.jpg\" width=\"372\" height=\"186\"></span></p>\r\n<p><span style=\"font-family: \'times new roman\', times, serif;\"><em>* Một số sản phẩm sử dụng gỗ tự nhi&ecirc;n c&oacute; thể xuất hiện mắt gỗ ngẫu nhi&ecirc;n v&agrave; v&acirc;n gỗ tr&ecirc;n bề mặt mỗi sản phẩm sẽ kh&aacute;c nhau &ndash; điều n&agrave;y l&agrave; ho&agrave;n to&agrave;n tự nhi&ecirc;n, tạo n&ecirc;n sự độc đ&aacute;o ri&ecirc;ng cho từng sản phẩm. V&igrave; vậy MOHO sẽ kh&ocirc;ng &aacute;p dụng c&aacute;c ch&iacute;nh s&aacute;ch đổi trả, bảo h&agrave;nh v&agrave; bảo tr&igrave; cho c&aacute;c trường hợp n&agrave;y.</em></span></p>\r\n<p>&nbsp;</p>\r\n<h2><span style=\"font-family: \'times new roman\', times, serif;\"><strong>3.&nbsp;ĐẶC ĐIỂM NỔI BẬT</strong></span></h2>\r\n<p><span style=\"font-family: \'times new roman\', times, serif;\">Mang phong c&aacute;ch hiện đại v&agrave; tinh tế, B&agrave;n Ăn SCANIA v&acirc;n đ&aacute; l&agrave; lựa chọn ho&agrave;n hảo cho kh&ocirc;ng gian ph&ograve;ng ăn sang trọng. Sự kết hợp giữa mặt b&agrave;n v&acirc;n giả đ&aacute; cao cấp v&agrave; khung ch&acirc;n từ gỗ cao su tự nhi&ecirc;n vững chắc kh&ocirc;ng chỉ mang đến vẻ đẹp thẩm mỹ m&agrave; c&ograve;n đảm bảo độ bền vượt trội theo thời gian.&nbsp;</span></p>\r\n<h3><span style=\"font-family: \'times new roman\', times, serif;\"><strong>Mặt b&agrave;n gỗ c&ocirc;ng nghiệp phủ Melamine v&acirc;n đ&aacute; tự nhi&ecirc;n</strong></span></h3>\r\n<p><span style=\"font-family: \'times new roman\', times, serif;\">Tạo cảm gi&aacute;c sang trọng, hiện đại như đ&aacute; thật m&agrave; nhẹ&nbsp;hơn rất nhiều.&nbsp;</span></p>\r\n<p><span style=\"font-family: \'times new roman\', times, serif;\"><img style=\"display: block; margin-left: auto; margin-right: auto;\" title=\"Nội dung sản phẩm\" src=\"https://file.hstatic.net/200000065946/file/dsc04419_1024x1024.jpg\" width=\"243\" height=\"243\"></span></p>\r\n<p><span style=\"font-family: \'times new roman\', times, serif;\"><strong>Gi&aacute; th&agrave;nh hợp l&yacute; :&nbsp;</strong>So với mặt đ&aacute; tự nhi&ecirc;n, mặt b&agrave;n phủ Melamine v&acirc;n đ&aacute; c&oacute; chi ph&iacute; thấp hơn nhiều nhưng vẫn giữ được n&eacute;t đẹp tinh tế</span></p>\r\n<p><span style=\"font-family: \'times new roman\', times, serif;\"><img style=\"display: block; margin-left: auto; margin-right: auto;\" title=\"Nội dung sản phẩm\" src=\"https://file.hstatic.net/200000065946/file/dsc04395_1024x1024.jpg\" width=\"243\" height=\"243\"></span></p>\r\n<h3><span style=\"font-family: \'times new roman\', times, serif;\"><strong>Cạnh b&agrave;n được thiết kế bo tr&ograve;n</strong></span></h3>\r\n<p><span style=\"font-family: \'times new roman\', times, serif;\">Thiết kế b&agrave;n ăn hiện đại tối ưu sự an to&agrave;n của người d&ugrave;ng được thể hiện qua c&aacute;c g&oacute;c cạnh được bo tr&ograve;n, hạn chế tổn thương nếu xảy ra va đập, nhất l&agrave; đối với những gia đ&igrave;nh c&oacute; trẻ nhỏ hiếu động.&nbsp;</span></p>\r\n<p><span style=\"font-family: \'times new roman\', times, serif;\"><img style=\"display: block; margin-left: auto; margin-right: auto;\" title=\"Nội dung sản phẩm\" src=\"https://file.hstatic.net/200000065946/file/dsc04389_a5d5e670fcff43398779a312b59c0398_1024x1024.jpg\" width=\"300\" height=\"300\"></span></p>\r\n<p>&nbsp;</p>\r\n<h3>&nbsp;</h3>\r\n<h3><span style=\"font-family: \'times new roman\', times, serif;\"><strong>Chiều cao bộ&nbsp;b&agrave;n thể hiện&nbsp;được th&oacute;i quen sử dụng của người Việt</strong></span></h3>\r\n<p><span style=\"font-family: \'times new roman\', times, serif;\">Chiều cao bộ&nbsp;b&agrave;n ăn SCANIA&nbsp;đạt chuẩn 75cm ph&ugrave; hợp cho gia đ&igrave;nh bạn. K&iacute;ch thước b&agrave;n&nbsp;ăn n&agrave;y rất dễ d&agrave;ng bắt gặp tại c&aacute;i ng&ocirc;i nh&agrave; hay qu&aacute;n ăn&nbsp;tại Việt Nam, v&igrave; n&oacute; mang lại sự gần gũi v&agrave; thuận tiện khi d&ugrave;ng bữa v&agrave; l&agrave;m việc.</span></p>\r\n<p><span style=\"font-family: \'times new roman\', times, serif;\"><img style=\"display: block; margin-left: auto; margin-right: auto;\" title=\"Nội dung sản phẩm\" src=\"https://file.hstatic.net/200000065946/file/dsc04416_1024x1024.jpg\" width=\"298\" height=\"298\"></span></p>\r\n<p>&nbsp;</p>\r\n<h3><span style=\"font-family: \'times new roman\', times, serif;\"><strong>Mặt b&agrave;n hạn chế&nbsp;thấm nước</strong></span></h3>\r\n<p><span style=\"font-family: \'times new roman\', times, serif;\">Mặt b&agrave;n ăn cơm hạn chế&nbsp;thấm nước&nbsp;gi&uacute;p cho việc lau ch&ugrave;i trở n&ecirc;n đơn giản v&agrave; dễ d&agrave;ng hơn mỗi khi d&ugrave;ng bữa.</span></p>\r\n<p><span style=\"font-family: \'times new roman\', times, serif;\"><img style=\"display: block; margin-left: auto; margin-right: auto;\" title=\"Nội dung sản phẩm\" src=\"https://file.hstatic.net/200000065946/file/dsc04395_3354fa2cbaf34ef3918e5eee61e621d9_1024x1024.jpg\" width=\"307\" height=\"307\"></span></p>\r\n<h3>&nbsp;</h3>\r\n<h3><span style=\"font-family: \'times new roman\', times, serif;\"><strong>Kết cấu khung ch&acirc;n chắc chắn</strong></span></h3>\r\n<p><span style=\"font-family: \'times new roman\', times, serif;\">Ch&acirc;n b&agrave;n&nbsp;chế t&aacute;c từ gỗ cao su tự nhi&ecirc;n, đảm bảo kết cấu chắc chắn, vững ch&atilde;i&nbsp;v&agrave; khả năng chịu lực tốt,&nbsp;c&ugrave;ng logo MOHO độc quyền tr&aacute;nh h&agrave;ng giả.&nbsp;</span></p>\r\n<p><span style=\"font-family: \'times new roman\', times, serif;\"><img style=\"display: block; margin-left: auto; margin-right: auto;\" title=\"Nội dung sản phẩm\" src=\"https://file.hstatic.net/200000065946/file/dsc04380_1024x1024.jpg\" width=\"276\" height=\"276\"></span></p>\r\n<p>&nbsp;</p>\r\n<p>&nbsp;</p>\r\n<p>&nbsp;</p>\r\n<h2><span style=\"font-family: \'times new roman\', times, serif;\"><strong>4. KH&Ocirc;NG GIAN SỐNG</strong></span></h2>\r\n<p><span style=\"font-family: \'times new roman\', times, serif;\"><strong>Bộ&nbsp;B&agrave;n Ăn v&acirc;n đ&aacute; SCANIA</strong>&nbsp;với thiết kế kiểu d&aacute;ng hiện đại, k&iacute;ch thước&nbsp;chiều cao ti&ecirc;u chuẩn 75cm, chất liệu gỗ cao su th&acirc;n thiện m&ocirc;i trường, an to&agrave;n sức khỏe ph&ugrave; hợp với nhiều phong c&aacute;ch&nbsp;<strong><a href=\"https://moho.com.vn/\" target=\"_blank\" rel=\"noopener\">nội thất</a></strong>&nbsp;kh&aacute;c nhau, c&oacute; thể kết hợp c&aacute;c mẫu&nbsp;<strong><a href=\"https://moho.com.vn/collections/ghe-an\" target=\"_blank\" rel=\"noopener\">ghế ăn</a></strong>&nbsp;kh&aacute;c để tạo n&ecirc;n&nbsp;<strong><a href=\"https://moho.com.vn/collections/bo-ban-an\" target=\"_blank\" rel=\"noopener\">bộ b&agrave;n ăn 4</a></strong>&nbsp;ghế hoặc<strong><u>&nbsp;6 ghế</u>&nbsp;</strong>ho&agrave;n chỉnh, kiến tạo&nbsp;kh&ocirc;ng gian&nbsp;<strong><u><a href=\"https://moho.com.vn/collections/bo-ban-an\" target=\"_blank\" rel=\"noopener\">nội thất ph&ograve;ng ăn</a></u></strong> ấm c&uacute;ng, gắn kết c&aacute;c th&agrave;nh vi&ecirc;n trong gia đ&igrave;nh với nhau.</span></p>',0,'/uploads/ac3fb15d-c090-465f-b7aa-4e3e4fba239d.webp||/uploads/336fe673-c529-4d52-b18b-0855626d006d.webp||/uploads/81e4ec70-6311-494e-8870-1a59b5f2b569.webp||/uploads/beb6e200-f9e9-40d8-ada6-f3dcc405df46.webp||/uploads/4c2d3d8f-76e2-4aed-9577-6211f56f06e9.webp**#ecd4a8||#eef0ec','Chiều dài 140cm x Chiều rộng 70cm x Chiều cao 75cm ',1,'2025-05-20','2025-06-08',1,29,'X123','Gỗ công nghiệp phủ Melamine vân đá tự nhiên',4),(7,'Bàn Ăn Scania (Màu Tự Nhiên, Mặt Vân Đá, 140)',99,5690000,3590000,'<p style=\"text-align: center;\"><span style=\"font-family: \'times new roman\', times, serif;\"><strong>B&Agrave;N ĂN V&Acirc;N Đ&Aacute; TỰ NHI&Ecirc;N&nbsp;<u>SCANIA</u></strong></span></p>\r\n<h2><span style=\"font-family: \'times new roman\', times, serif;\"><strong>1. TH&Ocirc;NG SỐ KỸ THUẬT</strong></span></h2>\r\n<p><span style=\"font-family: \'times new roman\', times, serif;\"><img style=\"display: block; margin-left: auto; margin-right: auto;\" title=\"Nội dung sản phẩm\" src=\"https://file.hstatic.net/200000065946/file/z6597452262947_58a5437d38425367e5b0c8e62af26737_22b7f52381b448c29677c5e48bd805f2_2048x2048.jpg\" alt=\"b&agrave;n scania nat\" width=\"311\" height=\"310\"></span></p>\r\n<p>&nbsp;</p>\r\n<h2><span style=\"font-family: \'times new roman\', times, serif;\"><strong>2. CHI TIẾT VẬT LIỆU</strong></span></h2>\r\n<p><span style=\"font-family: \'times new roman\', times, serif;\"><strong>Khung ch&acirc;n : Gỗ cao su tự nhi&ecirc;n</strong></span></p>\r\n<p><span style=\"font-family: \'times new roman\', times, serif;\">B&agrave;n ăn gia đ&igrave;nh l&agrave;m từ chất liệu&nbsp;<a href=\"https://moho.com.vn/blogs/noi-that-ung-dung/tim-hieu-ve-cac-loai-go-tu-nhien-thong-dung\" target=\"_blank\" rel=\"noopener\"><u><strong>gỗ cao su</strong></u></a>&nbsp;tự nhi&ecirc;n đảm bảo độ chắc chắn cao, chống c&ocirc;ng v&ecirc;nh, mối mọt. M&agrave;u gỗ bắt mắt, đẹp tạo n&eacute;t hiện đại&nbsp;.</span></p>\r\n<p><span style=\"font-family: \'times new roman\', times, serif;\"><strong>Mặt b&agrave;n : Gỗ c&ocirc;ng nghiệp phủ Melamine v&acirc;n đ&aacute; tự nhi&ecirc;n&nbsp;</strong></span></p>\r\n<p><span style=\"font-family: \'times new roman\', times, serif;\">Lớp phủ Melamine c&oacute; thể t&aacute;i tạo ch&acirc;n thật v&acirc;n đ&aacute; tự nhi&ecirc;n mang lại vẻ đẹp sang trọng v&agrave; hiện đại.</span></p>\r\n<p><span style=\"font-family: \'times new roman\', times, serif;\"><img title=\"Nội dung sản phẩm\" src=\"https://file.hstatic.net/200000065946/file/z6526735263438_ce3f3e4fb92840a04b2488b8a5ceffe2_1024x1024.jpg\" width=\"512\" height=\"256\"></span></p>\r\n<p><span style=\"font-family: \'times new roman\', times, serif;\"><em>* Một số sản phẩm sử dụng gỗ tự nhi&ecirc;n c&oacute; thể xuất hiện mắt gỗ ngẫu nhi&ecirc;n v&agrave; v&acirc;n gỗ tr&ecirc;n bề mặt mỗi sản phẩm sẽ kh&aacute;c nhau &ndash; điều n&agrave;y l&agrave; ho&agrave;n to&agrave;n tự nhi&ecirc;n, tạo n&ecirc;n sự độc đ&aacute;o ri&ecirc;ng cho từng sản phẩm. V&igrave; vậy MOHO sẽ kh&ocirc;ng &aacute;p dụng c&aacute;c ch&iacute;nh s&aacute;ch đổi trả, bảo h&agrave;nh v&agrave; bảo tr&igrave; cho c&aacute;c trường hợp n&agrave;y.</em></span></p>\r\n<p>&nbsp;</p>\r\n<h2><span style=\"font-family: \'times new roman\', times, serif;\"><strong>3.&nbsp;ĐẶC ĐIỂM NỔI BẬT</strong></span></h2>\r\n<p><span style=\"font-family: \'times new roman\', times, serif;\">Mang phong c&aacute;ch hiện đại v&agrave; tinh tế, B&agrave;n Ăn SCANIA v&acirc;n đ&aacute; l&agrave; lựa chọn ho&agrave;n hảo cho kh&ocirc;ng gian ph&ograve;ng ăn sang trọng. Sự kết hợp giữa mặt b&agrave;n v&acirc;n giả đ&aacute; cao cấp v&agrave; khung ch&acirc;n từ gỗ cao su tự nhi&ecirc;n vững chắc kh&ocirc;ng chỉ mang đến vẻ đẹp thẩm mỹ m&agrave; c&ograve;n đảm bảo độ bền vượt trội theo thời gian.&nbsp;</span></p>\r\n<h3><span style=\"font-family: \'times new roman\', times, serif;\"><strong>Mặt b&agrave;n gỗ c&ocirc;ng nghiệp phủ Melamine v&acirc;n đ&aacute; tự nhi&ecirc;n</strong></span></h3>\r\n<p><span style=\"font-family: \'times new roman\', times, serif;\">Tạo cảm gi&aacute;c sang trọng, hiện đại như đ&aacute; thật m&agrave; nhẹ&nbsp;hơn rất nhiều.&nbsp;</span></p>\r\n<p><span style=\"font-family: \'times new roman\', times, serif;\"><img title=\"Nội dung sản phẩm\" src=\"https://file.hstatic.net/200000065946/file/dsc04419_1024x1024.jpg\" width=\"527\" height=\"527\"></span></p>\r\n<p><span style=\"font-family: \'times new roman\', times, serif;\"><strong>Gi&aacute; th&agrave;nh hợp l&yacute; :&nbsp;</strong>So với mặt đ&aacute; tự nhi&ecirc;n, mặt b&agrave;n phủ Melamine v&acirc;n đ&aacute; c&oacute; chi ph&iacute; thấp hơn nhiều nhưng vẫn giữ được n&eacute;t đẹp tinh tế</span></p>\r\n<p><span style=\"font-family: \'times new roman\', times, serif;\"><img title=\"Nội dung sản phẩm\" src=\"https://file.hstatic.net/200000065946/file/dsc04395_1024x1024.jpg\" width=\"533\" height=\"533\"></span></p>\r\n<h3><span style=\"font-family: \'times new roman\', times, serif;\"><strong>Cạnh b&agrave;n được thiết kế bo tr&ograve;n</strong></span></h3>\r\n<p><span style=\"font-family: \'times new roman\', times, serif;\">Thiết kế b&agrave;n ăn hiện đại tối ưu sự an to&agrave;n của người d&ugrave;ng được thể hiện qua c&aacute;c g&oacute;c cạnh được bo tr&ograve;n, hạn chế tổn thương nếu xảy ra va đập, nhất l&agrave; đối với những gia đ&igrave;nh c&oacute; trẻ nhỏ hiếu động.&nbsp;</span></p>\r\n<p><span style=\"font-family: \'times new roman\', times, serif;\"><img title=\"Nội dung sản phẩm\" src=\"https://file.hstatic.net/200000065946/file/dsc04389_a5d5e670fcff43398779a312b59c0398_1024x1024.jpg\" width=\"538\" height=\"538\"></span></p>\r\n<h3><span style=\"font-family: \'times new roman\', times, serif;\"><strong>Chiều cao bộ&nbsp;b&agrave;n thể hiện&nbsp;được th&oacute;i quen sử dụng của người Việt</strong></span></h3>\r\n<p><span style=\"font-family: \'times new roman\', times, serif;\">Chiều cao bộ&nbsp;b&agrave;n ăn SCANIA&nbsp;đạt chuẩn 75cm ph&ugrave; hợp cho gia đ&igrave;nh bạn. K&iacute;ch thước b&agrave;n&nbsp;ăn n&agrave;y rất dễ d&agrave;ng bắt gặp tại c&aacute;i ng&ocirc;i nh&agrave; hay qu&aacute;n ăn&nbsp;tại Việt Nam, v&igrave; n&oacute; mang lại sự gần gũi v&agrave; thuận tiện khi d&ugrave;ng bữa v&agrave; l&agrave;m việc.</span></p>\r\n<p><span style=\"font-family: \'times new roman\', times, serif;\"><img title=\"Nội dung sản phẩm\" src=\"https://file.hstatic.net/200000065946/file/dsc04416_1024x1024.jpg\" width=\"535\" height=\"535\"></span></p>\r\n<p>&nbsp;</p>\r\n<h3><span style=\"font-family: \'times new roman\', times, serif;\"><strong>Mặt b&agrave;n hạn chế&nbsp;thấm nước</strong></span></h3>\r\n<p><span style=\"font-family: \'times new roman\', times, serif;\">Mặt b&agrave;n ăn cơm hạn chế&nbsp;thấm nước&nbsp;gi&uacute;p cho việc lau ch&ugrave;i trở n&ecirc;n đơn giản v&agrave; dễ d&agrave;ng hơn mỗi khi d&ugrave;ng bữa.</span></p>\r\n<p><span style=\"font-family: \'times new roman\', times, serif;\"><img title=\"Nội dung sản phẩm\" src=\"https://file.hstatic.net/200000065946/file/dsc04395_3354fa2cbaf34ef3918e5eee61e621d9_1024x1024.jpg\" width=\"535\" height=\"535\"></span></p>\r\n<h3>&nbsp;</h3>\r\n<h3><span style=\"font-family: \'times new roman\', times, serif;\"><strong>Kết cấu khung ch&acirc;n chắc chắn</strong></span></h3>\r\n<p><span style=\"font-family: \'times new roman\', times, serif;\">Ch&acirc;n b&agrave;n&nbsp;chế t&aacute;c từ gỗ cao su tự nhi&ecirc;n, đảm bảo kết cấu chắc chắn, vững ch&atilde;i&nbsp;v&agrave; khả năng chịu lực tốt,&nbsp;c&ugrave;ng logo MOHO độc quyền tr&aacute;nh h&agrave;ng giả.&nbsp;</span></p>\r\n<p><span style=\"font-family: \'times new roman\', times, serif;\"><img title=\"Nội dung sản phẩm\" src=\"https://file.hstatic.net/200000065946/file/dsc04380_1024x1024.jpg\" width=\"536\" height=\"536\"></span></p>\r\n<p>&nbsp;</p>\r\n<h2><span style=\"font-family: \'times new roman\', times, serif;\"><strong>4. KH&Ocirc;NG GIAN SỐNG</strong></span></h2>\r\n<p><span style=\"font-family: \'times new roman\', times, serif;\"><strong>Bộ&nbsp;B&agrave;n Ăn v&acirc;n đ&aacute; SCANIA</strong>&nbsp;với thiết kế kiểu d&aacute;ng hiện đại, k&iacute;ch thước&nbsp;chiều cao ti&ecirc;u chuẩn 75cm, chất liệu gỗ cao su th&acirc;n thiện m&ocirc;i trường, an to&agrave;n sức khỏe ph&ugrave; hợp với nhiều phong c&aacute;ch&nbsp;<strong><a href=\"https://moho.com.vn/\" target=\"_blank\" rel=\"noopener\">nội thất</a></strong>&nbsp;kh&aacute;c nhau, c&oacute; thể kết hợp c&aacute;c mẫu&nbsp;<strong><a href=\"https://moho.com.vn/collections/ghe-an\" target=\"_blank\" rel=\"noopener\">ghế ăn</a></strong>&nbsp;kh&aacute;c để tạo n&ecirc;n&nbsp;<strong><a href=\"https://moho.com.vn/collections/bo-ban-an\" target=\"_blank\" rel=\"noopener\">bộ b&agrave;n ăn 4</a></strong>&nbsp;ghế hoặc<strong><u>&nbsp;6 ghế</u>&nbsp;</strong>ho&agrave;n chỉnh, kiến tạo&nbsp;kh&ocirc;ng gian&nbsp;<strong><u><a href=\"https://moho.com.vn/collections/bo-ban-an\" target=\"_blank\" rel=\"noopener\">nội thất ph&ograve;ng ăn</a></u></strong>&nbsp;ấm c&uacute;ng, gắn kết c&aacute;c th&agrave;nh vi&ecirc;n trong gia đ&igrave;nh với nhau.</span></p>\r\n<p><span style=\"font-family: \'times new roman\', times, serif;\"><img title=\"Nội dung sản phẩm\" src=\"https://file.hstatic.net/200000065946/file/dsc04461_1024x1024.jpg\" width=\"524\" height=\"524\"></span></p>\r\n<p><span style=\"font-family: \'times new roman\', times, serif;\"><img title=\"Nội dung sản phẩm\" src=\"https://file.hstatic.net/200000065946/file/dsc04440_1024x1024.jpg\" width=\"526\" height=\"526\"></span></p>',0,'/uploads/888f9f7c-50df-456d-8e44-0754279f390f.webp||/uploads/c3a4b3d2-59db-4152-b413-b27cc67febed.webp**#e7c493','Chiều dài 140cm x Chiều rộng 70cm x Chiều cao 75cm ',1,'2025-05-23','2025-11-05',1,28,'X123','Gỗ công nghiệp phủ Melamine vân đá tự nhiên',5),(8,'Combo Giường Ngủ MOHO VLINE & Tủ Quần Áo MOHO VIENNA 1m5 Màu Gỗ Tự Nhiên',100,21970000,16190000,'<h2><span style=\"font-family: \'times new roman\', times, serif;\"><strong>TH&Ocirc;NG SỐ KỸ THUẬT</strong></span></h2>\r\n<p><span style=\"font-family: \'times new roman\', times, serif;\"><img title=\"Nội dung sản phẩm\" src=\"https://file.hstatic.net/200000065946/file/6_7125377f05b54cfe9bb20c7a0a134981_2048x2048.png\" alt=\"ph&ograve;ng kh&aacute;ch vline nat\" width=\"518\" height=\"259\"></span></p>\r\n<p><span style=\"font-family: \'times new roman\', times, serif;\"><img title=\"Nội dung sản phẩm\" src=\"https://file.hstatic.net/200000065946/file/8_8a6370081a6c42aa845f2323c9bd632c_2048x2048.png\" alt=\"ph&ograve;ng kh&aacute;ch vline nat\" width=\"522\" height=\"261\"></span></p>\r\n<p><span style=\"font-family: \'times new roman\', times, serif;\"><img title=\"Nội dung sản phẩm\" src=\"https://file.hstatic.net/200000065946/file/11_02495479fb284a02844a67333490ea72_2048x2048.png\" alt=\"ph&ograve;ng kh&aacute;ch vline nat\" width=\"516\" height=\"258\"></span></p>\r\n<p><span style=\"font-family: \'times new roman\', times, serif;\"><img title=\"Nội dung sản phẩm\" src=\"https://file.hstatic.net/200000065946/file/17_2048x2048.png\" alt=\"ph&ograve;ng kh&aacute;ch vline nat\" width=\"510\" height=\"255\"></span></p>\r\n<h2><span style=\"font-family: \'times new roman\', times, serif;\"><strong>CHI TIẾT VẬT LIỆU</strong></span></h2>\r\n<p><span style=\"font-family: \'times new roman\', times, serif;\"><strong>Vải bọc sợi tổng hợp - soil release</strong></span></p>\r\n<p><span style=\"font-family: \'times new roman\', times, serif;\">Ghế Sofa VLINE sử dụng vải bọc sợi tổng hợp gi&uacute;p kh&aacute;ng khuẩn,&nbsp;chống nhăn, kh&aacute;ng bụi bẩn v&agrave; nấm mốc, dễ d&agrave;ng vệ sinh.</span></p>\r\n<p><span style=\"font-family: \'times new roman\', times, serif;\"><strong>Gỗ&nbsp;tự nhi&ecirc;n</strong></span></p>\r\n<p><span style=\"font-family: \'times new roman\', times, serif;\">Khung ghế sofa, sofa g&oacute;c v&agrave;&nbsp;tủ kệ tv&nbsp;được l&agrave;m bằng&nbsp;<strong>gỗ cao su</strong>&nbsp;tự nhi&ecirc;n đảm bảo vệ độ chắc chắn cao, chống c&ocirc;ng v&ecirc;nh, mối mọt.</span></p>\r\n<p><span style=\"font-family: \'times new roman\', times, serif;\">B&agrave;n cafe sử dụng gỗ th&ocirc;ng mang lại sự nhẹ nh&agrave;ng, dễ di chuyển.</span></p>\r\n<p><span style=\"font-family: \'times new roman\', times, serif;\"><img title=\"Nội dung sản phẩm\" src=\"https://file.hstatic.net/200000065946/file/noi-that-moho-vline-ghe-sofa-nat-2_69e14cde11ae48fb9f01a41a0323ded0.png\" alt=\"noi-that-moho-vline-ghe-sofa-nat-2\" width=\"526\" height=\"263\"></span></p>\r\n<p><span style=\"font-family: \'times new roman\', times, serif;\"><strong>Tấm phản</strong></span></p>\r\n<p><span style=\"font-family: \'times new roman\', times, serif;\">Sử dụng gỗ c&ocirc;ng nghiệp Plywood c&oacute; độ bền cao, đạt chuẩn CARB-P2 an to&agrave;n tuyệt đối cho người sức khỏe người d&ugrave;ng v&agrave; đạt chứng nhận FSC bảo vệ v&agrave; ph&aacute;t triển rừng bền vững.</span></p>\r\n<p><span style=\"font-family: \'times new roman\', times, serif;\"><em>* Một số sản phẩm sử dụng gỗ tự nhi&ecirc;n c&oacute; thể xuất hiện mắt gỗ ngẫu nhi&ecirc;n tr&ecirc;n bề mặt sản phẩm, điều n&agrave;y l&agrave; ho&agrave;n to&agrave;n tự nhi&ecirc;n, tạo n&ecirc;n sự độc đ&aacute;o ri&ecirc;ng cho từng sản phẩm. V&igrave; vậy MOHO sẽ kh&ocirc;ng &aacute;p dụng c&aacute;c ch&iacute;nh s&aacute;ch đổi trả, bảo h&agrave;nh v&agrave; bảo tr&igrave; cho c&aacute;c trường hợp n&agrave;y.</em></span></p>\r\n<h2><span style=\"font-family: \'times new roman\', times, serif;\"><strong>ĐẶC ĐIỂM NỔI BẬT</strong></span></h2>\r\n<p><span style=\"font-family: \'times new roman\', times, serif;\">C&aacute;c thiết kế&nbsp;trong&nbsp;<strong><u><a href=\"https://moho.com.vn/collections/vline-collection\" target=\"_blank\" rel=\"noopener\">bộ sưu tập nội thất</a></u>&nbsp;VLINE</strong>&nbsp;mang trong m&igrave;nh n&eacute;t đẹp đặc trưng của hồn Việt c&ugrave;ng vẻ đẹp năng động của thời đại. V&rdquo; l&agrave; viết tắt của từ &ldquo;Việt&rdquo; trong &ldquo;Việt Nam&rdquo;.&nbsp;&ldquo;LINE&rdquo; l&agrave; c&aacute;c đường n&eacute;t mang xu hướng hiện đại, ph&oacute;ng kho&aacute;ng của ng&agrave;y nay.&nbsp;</span></p>\r\n<h3><span style=\"font-family: \'times new roman\', times, serif;\"><strong>GHẾ SOFA VLINE</strong></span></h3>\r\n<p><span style=\"font-family: \'times new roman\', times, serif;\">Ghế Sofa VLINE&nbsp;sở hữu gỗ&nbsp;tự nhi&ecirc;n v&agrave; thiết kế theo phong c&aacute;ch&nbsp;tối giản, gi&uacute;p sản phẩm dễ d&agrave;ng kết hợp với c&aacute;c&nbsp;<a href=\"https://moho.com.vn/\" target=\"_blank\" rel=\"noopener\">đồ nội thất</a>&nbsp;m&agrave;u tự nhi&ecirc;n&nbsp;kh&aacute;c trong ph&ograve;ng kh&aacute;ch như&nbsp;<strong><a href=\"https://moho.com.vn/collections/ban-sofa-ban-cafe-ban-tra\" target=\"_blank\" rel=\"noopener\">b&agrave;n tr&agrave; sofa</a>,&nbsp;<a href=\"https://moho.com.vn/collections/tu-giay-tu-trang-tri\" target=\"_blank\" rel=\"noopener\">tủ gi&agrave;y trang tr&iacute;</a>,&nbsp;<a href=\"https://moho.com.vn/collections/tu-ke-tivi\" target=\"_blank\" rel=\"noopener\">tủ kệ tivi</a></strong>&nbsp;để cho ra đời kh&ocirc;ng gian ph&ograve;ng kh&aacute;ch ấm &aacute;p, sang trọng.</span></p>\r\n<p><br><span style=\"font-family: \'times new roman\', times, serif;\"><img title=\"Nội dung sản phẩm\" src=\"https://file.hstatic.net/200000065946/file/noi-that-moho-vline-ghe-sofa-nat-4_cff1b4ec6d6040c8831d67221e3c58ff.png\" alt=\"noi-that-moho-vline-ghe-sofa-nat-4\" width=\"528\" height=\"354\"></span></p>\r\n<h3><span style=\"font-family: \'times new roman\', times, serif;\"><strong>GHẾ SOFA G&Oacute;C VLINE&nbsp;</strong></span></h3>\r\n<h3><span style=\"font-family: \'times new roman\', times, serif;\"><strong>C&oacute; thể kết hợp đa dạng phong c&aacute;ch</strong></span></h3>\r\n<p><span style=\"font-family: \'times new roman\', times, serif;\">Ghế Sofa G&oacute;c Gỗ Cao Su Tự Nhi&ecirc;n MOHO VLINE 601 l&agrave; sản phẩm bổ sung&nbsp;ho&agrave;n thiện ghế Sofa VLINE trước đ&acirc;y, gi&uacute;p bạn n&acirc;ng cao kh&ocirc;ng gian sống cho ph&ograve;ng kh&aacute;ch của m&igrave;nh.</span></p>\r\n<ul>\r\n<li style=\"font-family: \'times new roman\', times, serif;\"><span style=\"font-family: \'times new roman\', times, serif;\">Nệm sofa bằng vải polyester chống bụi, kh&aacute;ng nấm mốc v&agrave; c&oacute; thể dễ d&agrave;ng&nbsp;th&aacute;o bọc nệm để vệ sinh.</span></li>\r\n</ul>\r\n<ul>\r\n<li style=\"font-family: \'times new roman\', times, serif;\"><span style=\"font-family: \'times new roman\', times, serif;\">Sofa g&oacute;c c&oacute; k&iacute;ch thước rộng&nbsp;r&atilde;i thoải m&aacute;i, với thiết kế tinh giản gi&uacute;p tối ưu h&oacute;a diện t&iacute;ch cho&nbsp;<u><a href=\"https://moho.com.vn/collections/phong-khach\" target=\"_blank\" rel=\"noopener\"><strong>nội thất ph&ograve;ng kh&aacute;ch</strong></a></u></span></li>\r\n</ul>\r\n<p><span style=\"font-family: \'times new roman\', times, serif;\"><img title=\"Nội dung sản phẩm\" src=\"https://file.hstatic.net/200000065946/file/noi-that-moho-ghe-sofa-goc-2_20633097f2c246f883e62bc052c28829.jpg\" alt=\"Ghế Sofa G&oacute;c Gỗ Cao Su Tự Nhi&ecirc;n MOHO VLINE 601\" width=\"527\" height=\"357\"></span></p>\r\n<p><span style=\"font-family: \'times new roman\', times, serif;\"><img title=\"Nội dung sản phẩm\" src=\"https://file.hstatic.net/200000065946/file/8_b53c5dc8099c488cb0f1fd92edaff3ea_2048x2048.jpg\" width=\"538\" height=\"538\"></span></p>\r\n<h3><span style=\"font-family: \'times new roman\', times, serif;\"><strong>TỦ KỆ&nbsp;VLINE&nbsp;</strong></span></h3>\r\n<p><span style=\"font-family: \'times new roman\', times, serif;\">Tủ c&oacute; một ngăn tủ lớn c&ugrave;ng 2 ngăn kệ nhỏ tạo điểm nhấn sang trọng, hiện đại, từng chi tiết đẹp tinh tế, v&agrave; phục vụ nhu cầu cất trữ đồ v&agrave; trang tr&iacute; c&aacute;c vật dụng.</span></p>\r\n<p><span style=\"font-family: \'times new roman\', times, serif;\"><strong>Sử dụng chất liệu Rattan</strong></span></p>\r\n<p><span style=\"font-family: \'times new roman\', times, serif;\">Cửa tủ sử dụng chất liệu m&acirc;y tre đan truyền thống đ&atilde; qua xử l&yacute; c&oacute; khả năng chống mối mọt, mang lại tổng thể thiết kế vừa hiện đại vừa mộc mạc v&agrave; tạo cảm gi&aacute;c cho người d&ugrave;ng tự nhi&ecirc;n, gần gũi với thi&ecirc;n nhi&ecirc;n hơn.</span></p>\r\n<p><span style=\"font-family: \'times new roman\', times, serif;\"><img title=\"Nội dung sản phẩm\" src=\"https://file.hstatic.net/200000065946/file/noi-that-moho-vline-tu-tv-nat-4_e4a80dc7a80540c795abae3af90cbca6.jpg\" alt=\"noi-that-moho-vline-tu-tv-nat-4\" width=\"550\" height=\"275\"></span></p>\r\n<p><span style=\"font-family: \'times new roman\', times, serif;\"><strong>Thiết kế cửa tủ kh&ocirc;ng tay nắm</strong></span></p>\r\n<p><span style=\"font-family: \'times new roman\', times, serif;\">Mang lại sự sang trọng nhưng vẫn an to&agrave;n khi đ&atilde; được tối giản để kh&aacute;ch h&agrave;ng c&oacute; trẻ nhỏ an t&acirc;m khi sử dụng.</span></p>\r\n<p><span style=\"font-family: \'times new roman\', times, serif;\"><img title=\"Nội dung sản phẩm\" src=\"https://file.hstatic.net/200000065946/file/noi-that-moho-vline-tu-tv-nat-3_51d5c143c9bd4d6aa23060e8f7041158.jpg\" alt=\"noi-that-moho-vline-tu-tv-nat-3\" width=\"521\" height=\"349\"></span></p>\r\n<p>&nbsp;</p>\r\n<p><span style=\"font-family: \'times new roman\', times, serif;\"><strong>B&Agrave;N TR&Agrave; B&Agrave;N CAFE&nbsp;VLINE&nbsp;</strong></span></p>\r\n<p><span style=\"font-family: \'times new roman\', times, serif;\">Sử dụng chất liệu&nbsp;<u><strong><a href=\"https://moho.com.vn/blogs/noi-that-ung-dung/tim-hieu-ve-cac-loai-go-tu-nhien-thong-dung\" target=\"_blank\" rel=\"noopener\">gỗ th&ocirc;ng</a></strong></u>&nbsp;tự nhi&ecirc;n mang đặc t&iacute;nh chắc chắc, dẻo dai v&agrave; chịu lực tốt.</span></p>\r\n<p><span style=\"font-family: \'times new roman\', times, serif;\">Thiết kế ngăn kệ tho&aacute;ng dễ d&agrave;ng vệ sinh.</span></p>\r\n<p><span style=\"font-family: \'times new roman\', times, serif;\"><img title=\"Nội dung sản phẩm\" src=\"https://file.hstatic.net/200000065946/file/noi-that-moho-vline-ban-sofa-nat-12_5f0da9b1fa7b4437ab140a095131e3b5.jpg\" alt=\"noi-that-moho-vline-ban-sofa-nat-12\" width=\"525\" height=\"350\"></span></p>\r\n<p><span style=\"font-family: \'times new roman\', times, serif;\">B&agrave;n được thiết kế c&oacute; cạnh gờ, gi&uacute;p hạn chế tr&agrave;n nước xuống nền nh&agrave; v&agrave; hạn chế rơi đồ vật.</span></p>\r\n<p><span style=\"font-family: \'times new roman\', times, serif;\"><img title=\"Nội dung sản phẩm\" src=\"https://file.hstatic.net/200000065946/file/noi-that-moho-vline-ban-sofa-nat-11_e55534fefc7e4493918743e9038491ce.jpg\" alt=\"noi-that-moho-vline-ban-sofa-nat-11\" width=\"528\" height=\"264\"></span></p>\r\n<h2><span style=\"font-family: \'times new roman\', times, serif;\"><strong>&nbsp;KH&Ocirc;NG GIAN SỐNG</strong></span></h2>\r\n<div><span style=\"font-family: \'times new roman\', times, serif;\"><img title=\"Nội dung sản phẩm\" src=\"https://file.hstatic.net/200000065946/file/10_85713faf3c9f4a6a8a2ab640c1bbb55e_master.jpg\" width=\"520\" height=\"519\"></span></div>\r\n<p><span style=\"font-family: \'times new roman\', times, serif;\"><img title=\"Nội dung sản phẩm\" src=\"https://file.hstatic.net/200000065946/file/noi-that-moho-bo-ghe-sofa-go-vline-mau-tu-nhien_ac0b97247c4b49f6a2b9a409b8ada4db.jpg\" alt=\"Ghế Sofa G&oacute;c Gỗ Cao Su Tự Nhi&ecirc;n MOHO VLINE 601\" width=\"515\" height=\"360\"></span></p>\r\n<p><span style=\"font-family: \'times new roman\', times, serif;\"><img title=\"Nội dung sản phẩm\" src=\"https://file.hstatic.net/200000065946/file/noi-that-moho-ghe-sofa-go-vline-nem-be_432ce107055d4a78b91f24515604156b.jpg\" alt=\"Combo ghế sofa VLINE kết hợp c&ugrave;ng ghế đ&ocirc;n v&agrave; sofa g&oacute;c\" width=\"525\" height=\"350\"></span></p>\r\n<div class=\"page-content\">\r\n<p><span style=\"font-family: \'times new roman\', times, serif;\"><img title=\"Nội dung sản phẩm\" src=\"https://file.hstatic.net/200000065946/file/z5471796383575_afe7fc65369226b8a41e290b216221a0_8504ff911dc3451f8a83b3e4e5dde388_2048x2048.jpg\" alt=\"lưu &yacute; sản phẩm\" width=\"523\" height=\"245\"></span></p>\r\n</div>',0,'/uploads/d499d3de-7e45-4829-ba35-aab07d7f843a.webp||/uploads/3899e2c0-3a3a-4b85-9896-ead661a05b23.webp||/uploads/4e1bee05-7fd2-44bd-b066-87255d85a7e8.webp||/uploads/e117c449-c2fd-4faa-8440-7dfb5e2d27d4.webp**#9e857e',' 1 Giường ngủ 1m6 hoặc 1m8: Dài 212 x Rộng 176/196 x Cao đến đầu giường 92 (cm)',1,'2025-05-23','2025-06-08',1,30,'X123','Gỗ MDF/ MFC phủ Melamin chuẩn CARB-P2, gỗ tràm tự nhiên, veneer sồi, gỗ cao su, plywood chuẩn CARB-P2',3),(9,' Combo Phòng Khách MOHO VLINE Màu Tự Nhiên',100,26460000,17890000,'<h2><span style=\"font-family: \'times new roman\', times, serif;\"><strong>TH&Ocirc;NG SỐ KỸ THUẬT</strong></span></h2>\r\n<p><span style=\"font-family: \'times new roman\', times, serif;\"><img title=\"Nội dung sản phẩm\" src=\"https://file.hstatic.net/200000065946/file/6_7125377f05b54cfe9bb20c7a0a134981_2048x2048.png\" alt=\"ph&ograve;ng kh&aacute;ch vline nat\" width=\"414\" height=\"207\"></span></p>\r\n<p><span style=\"font-family: \'times new roman\', times, serif;\"><img title=\"Nội dung sản phẩm\" src=\"https://file.hstatic.net/200000065946/file/8_8a6370081a6c42aa845f2323c9bd632c_2048x2048.png\" alt=\"ph&ograve;ng kh&aacute;ch vline nat\" width=\"416\" height=\"208\"></span></p>\r\n<p><span style=\"font-family: \'times new roman\', times, serif;\"><img title=\"Nội dung sản phẩm\" src=\"https://file.hstatic.net/200000065946/file/11_02495479fb284a02844a67333490ea72_2048x2048.png\" alt=\"ph&ograve;ng kh&aacute;ch vline nat\" width=\"420\" height=\"210\"></span></p>\r\n<p><span style=\"font-family: \'times new roman\', times, serif;\"><img title=\"Nội dung sản phẩm\" src=\"https://file.hstatic.net/200000065946/file/17_2048x2048.png\" alt=\"ph&ograve;ng kh&aacute;ch vline nat\" width=\"420\" height=\"210\"></span></p>\r\n<h2><span style=\"font-family: \'times new roman\', times, serif;\"><strong>CHI TIẾT VẬT LIỆU</strong></span></h2>\r\n<p><span style=\"font-family: \'times new roman\', times, serif;\"><strong>Vải bọc sợi tổng hợp - soil release</strong></span></p>\r\n<p><span style=\"font-family: \'times new roman\', times, serif;\">Ghế Sofa VLINE sử dụng vải bọc sợi tổng hợp gi&uacute;p kh&aacute;ng khuẩn,&nbsp;chống nhăn, kh&aacute;ng bụi bẩn v&agrave; nấm mốc, dễ d&agrave;ng vệ sinh.</span></p>\r\n<p><span style=\"font-family: \'times new roman\', times, serif;\"><strong>Gỗ&nbsp;tự nhi&ecirc;n</strong></span></p>\r\n<p><span style=\"font-family: \'times new roman\', times, serif;\">Khung ghế sofa, sofa g&oacute;c v&agrave;&nbsp;tủ kệ tv&nbsp;được l&agrave;m bằng&nbsp;<strong>gỗ cao su</strong>&nbsp;tự nhi&ecirc;n đảm bảo vệ độ chắc chắn cao, chống c&ocirc;ng v&ecirc;nh, mối mọt.</span></p>\r\n<p><span style=\"font-family: \'times new roman\', times, serif;\">B&agrave;n cafe sử dụng gỗ th&ocirc;ng mang lại sự nhẹ nh&agrave;ng, dễ di chuyển.</span></p>\r\n<p><span style=\"font-family: \'times new roman\', times, serif;\"><img title=\"Nội dung sản phẩm\" src=\"https://file.hstatic.net/200000065946/file/noi-that-moho-vline-ghe-sofa-nat-2_69e14cde11ae48fb9f01a41a0323ded0.png\" alt=\"noi-that-moho-vline-ghe-sofa-nat-2\" width=\"478\" height=\"239\"></span></p>\r\n<p><span style=\"font-family: \'times new roman\', times, serif;\"><strong>Tấm phản</strong></span></p>\r\n<p><span style=\"font-family: \'times new roman\', times, serif;\">Sử dụng gỗ c&ocirc;ng nghiệp Plywood c&oacute; độ bền cao, đạt chuẩn CARB-P2 an to&agrave;n tuyệt đối cho người sức khỏe người d&ugrave;ng v&agrave; đạt chứng nhận FSC bảo vệ v&agrave; ph&aacute;t triển rừng bền vững.</span></p>\r\n<p><span style=\"font-family: \'times new roman\', times, serif;\"><em>* Một số sản phẩm sử dụng gỗ tự nhi&ecirc;n c&oacute; thể xuất hiện mắt gỗ ngẫu nhi&ecirc;n tr&ecirc;n bề mặt sản phẩm, điều n&agrave;y l&agrave; ho&agrave;n to&agrave;n tự nhi&ecirc;n, tạo n&ecirc;n sự độc đ&aacute;o ri&ecirc;ng cho từng sản phẩm. V&igrave; vậy MOHO sẽ kh&ocirc;ng &aacute;p dụng c&aacute;c ch&iacute;nh s&aacute;ch đổi trả, bảo h&agrave;nh v&agrave; bảo tr&igrave; cho c&aacute;c trường hợp n&agrave;y.</em></span></p>\r\n<h2><span style=\"font-family: \'times new roman\', times, serif;\"><strong>ĐẶC ĐIỂM NỔI BẬT</strong></span></h2>\r\n<p><span style=\"font-family: \'times new roman\', times, serif;\">C&aacute;c thiết kế&nbsp;trong&nbsp;<strong><u><a href=\"https://moho.com.vn/collections/vline-collection\" target=\"_blank\" rel=\"noopener\">bộ sưu tập nội thất</a></u>&nbsp;VLINE</strong>&nbsp;mang trong m&igrave;nh n&eacute;t đẹp đặc trưng của hồn Việt c&ugrave;ng vẻ đẹp năng động của thời đại. V&rdquo; l&agrave; viết tắt của từ &ldquo;Việt&rdquo; trong &ldquo;Việt Nam&rdquo;.&nbsp;&ldquo;LINE&rdquo; l&agrave; c&aacute;c đường n&eacute;t mang xu hướng hiện đại, ph&oacute;ng kho&aacute;ng của ng&agrave;y nay.&nbsp;</span></p>\r\n<h3><span style=\"font-family: \'times new roman\', times, serif;\"><strong>GHẾ SOFA VLINE</strong></span></h3>\r\n<p><span style=\"font-family: \'times new roman\', times, serif;\">Ghế Sofa VLINE&nbsp;sở hữu gỗ&nbsp;tự nhi&ecirc;n v&agrave; thiết kế theo phong c&aacute;ch&nbsp;tối giản, gi&uacute;p sản phẩm dễ d&agrave;ng kết hợp với c&aacute;c&nbsp;<a href=\"https://moho.com.vn/\" target=\"_blank\" rel=\"noopener\">đồ nội thất</a>&nbsp;m&agrave;u tự nhi&ecirc;n&nbsp;kh&aacute;c trong ph&ograve;ng kh&aacute;ch như&nbsp;<strong><a href=\"https://moho.com.vn/collections/ban-sofa-ban-cafe-ban-tra\" target=\"_blank\" rel=\"noopener\">b&agrave;n tr&agrave; sofa</a>,&nbsp;<a href=\"https://moho.com.vn/collections/tu-giay-tu-trang-tri\" target=\"_blank\" rel=\"noopener\">tủ gi&agrave;y trang tr&iacute;</a>,&nbsp;<a href=\"https://moho.com.vn/collections/tu-ke-tivi\" target=\"_blank\" rel=\"noopener\">tủ kệ tivi</a></strong>&nbsp;để cho ra đời kh&ocirc;ng gian ph&ograve;ng kh&aacute;ch ấm &aacute;p, sang trọng.</span></p>\r\n<p><br><span style=\"font-family: \'times new roman\', times, serif;\"><img title=\"Nội dung sản phẩm\" src=\"https://file.hstatic.net/200000065946/file/noi-that-moho-vline-ghe-sofa-nat-4_cff1b4ec6d6040c8831d67221e3c58ff.png\" alt=\"noi-that-moho-vline-ghe-sofa-nat-4\" width=\"521\" height=\"349\"></span></p>\r\n<h3><span style=\"font-family: \'times new roman\', times, serif;\"><strong>GHẾ SOFA G&Oacute;C VLINE&nbsp;</strong></span></h3>\r\n<h3><span style=\"font-family: \'times new roman\', times, serif;\"><strong>C&oacute; thể kết hợp đa dạng phong c&aacute;ch</strong></span></h3>\r\n<p><span style=\"font-family: \'times new roman\', times, serif;\">Ghế Sofa G&oacute;c Gỗ Cao Su Tự Nhi&ecirc;n MOHO VLINE 601 l&agrave; sản phẩm bổ sung&nbsp;ho&agrave;n thiện ghế Sofa VLINE trước đ&acirc;y, gi&uacute;p bạn n&acirc;ng cao kh&ocirc;ng gian sống cho ph&ograve;ng kh&aacute;ch của m&igrave;nh.</span></p>\r\n<ul>\r\n<li style=\"font-family: \'times new roman\', times, serif;\"><span style=\"font-family: \'times new roman\', times, serif;\">Nệm sofa bằng vải polyester chống bụi, kh&aacute;ng nấm mốc v&agrave; c&oacute; thể dễ d&agrave;ng&nbsp;th&aacute;o bọc nệm để vệ sinh.</span></li>\r\n</ul>\r\n<ul>\r\n<li style=\"font-family: \'times new roman\', times, serif;\"><span style=\"font-family: \'times new roman\', times, serif;\">Sofa g&oacute;c c&oacute; k&iacute;ch thước rộng&nbsp;r&atilde;i thoải m&aacute;i, với thiết kế tinh giản gi&uacute;p tối ưu h&oacute;a diện t&iacute;ch cho&nbsp;<u><a href=\"https://moho.com.vn/collections/phong-khach\" target=\"_blank\" rel=\"noopener\"><strong>nội thất ph&ograve;ng kh&aacute;ch</strong></a></u></span></li>\r\n</ul>\r\n<p><span style=\"font-family: \'times new roman\', times, serif;\"><img title=\"Nội dung sản phẩm\" src=\"https://file.hstatic.net/200000065946/file/noi-that-moho-ghe-sofa-goc-2_20633097f2c246f883e62bc052c28829.jpg\" alt=\"Ghế Sofa G&oacute;c Gỗ Cao Su Tự Nhi&ecirc;n MOHO VLINE 601\" width=\"517\" height=\"350\"></span></p>\r\n<p>&nbsp;</p>\r\n<h3><span style=\"font-family: \'times new roman\', times, serif;\"><strong>TỦ KỆ&nbsp;VLINE&nbsp;</strong></span></h3>\r\n<p><span style=\"font-family: \'times new roman\', times, serif;\">Tủ c&oacute; một ngăn tủ lớn c&ugrave;ng 2 ngăn kệ nhỏ tạo điểm nhấn sang trọng, hiện đại, từng chi tiết đẹp tinh tế, v&agrave; phục vụ nhu cầu cất trữ đồ v&agrave; trang tr&iacute; c&aacute;c vật dụng.</span></p>\r\n<p><span style=\"font-family: \'times new roman\', times, serif;\"><strong>Sử dụng chất liệu Rattan</strong></span></p>\r\n<p><span style=\"font-family: \'times new roman\', times, serif;\">Cửa tủ sử dụng chất liệu m&acirc;y tre đan truyền thống đ&atilde; qua xử l&yacute; c&oacute; khả năng chống mối mọt, mang lại tổng thể thiết kế vừa hiện đại vừa mộc mạc v&agrave; tạo cảm gi&aacute;c cho người d&ugrave;ng tự nhi&ecirc;n, gần gũi với thi&ecirc;n nhi&ecirc;n hơn.</span></p>\r\n<p><span style=\"font-family: \'times new roman\', times, serif;\"><img title=\"Nội dung sản phẩm\" src=\"https://file.hstatic.net/200000065946/file/noi-that-moho-vline-tu-tv-nat-4_e4a80dc7a80540c795abae3af90cbca6.jpg\" alt=\"noi-that-moho-vline-tu-tv-nat-4\"></span></p>\r\n<p><span style=\"font-family: \'times new roman\', times, serif;\"><strong>Thiết kế cửa tủ kh&ocirc;ng tay nắm</strong></span></p>\r\n<p><span style=\"font-family: \'times new roman\', times, serif;\">Mang lại sự sang trọng nhưng vẫn an to&agrave;n khi đ&atilde; được tối giản để kh&aacute;ch h&agrave;ng c&oacute; trẻ nhỏ an t&acirc;m khi sử dụng.</span></p>\r\n<p>&nbsp;</p>\r\n<p><span style=\"font-family: \'times new roman\', times, serif;\"><strong>B&Agrave;N TR&Agrave; B&Agrave;N CAFE&nbsp;VLINE&nbsp;</strong></span></p>\r\n<p><span style=\"font-family: \'times new roman\', times, serif;\">Sử dụng chất liệu&nbsp;<u><strong><a href=\"https://moho.com.vn/blogs/noi-that-ung-dung/tim-hieu-ve-cac-loai-go-tu-nhien-thong-dung\" target=\"_blank\" rel=\"noopener\">gỗ th&ocirc;ng</a></strong></u>&nbsp;tự nhi&ecirc;n mang đặc t&iacute;nh chắc chắc, dẻo dai v&agrave; chịu lực tốt.</span></p>\r\n<p><span style=\"font-family: \'times new roman\', times, serif;\">Thiết kế ngăn kệ tho&aacute;ng dễ d&agrave;ng vệ sinh.</span></p>\r\n<p><span style=\"font-family: \'times new roman\', times, serif;\"><img title=\"Nội dung sản phẩm\" src=\"https://file.hstatic.net/200000065946/file/noi-that-moho-vline-ban-sofa-nat-12_5f0da9b1fa7b4437ab140a095131e3b5.jpg\" alt=\"noi-that-moho-vline-ban-sofa-nat-12\" width=\"521\" height=\"347\"></span></p>\r\n<p><span style=\"font-family: \'times new roman\', times, serif;\">B&agrave;n được thiết kế c&oacute; cạnh gờ, gi&uacute;p hạn chế tr&agrave;n nước xuống nền nh&agrave; v&agrave; hạn chế rơi đồ vật.</span></p>',0,'/uploads/c0ec4833-84b0-4612-a369-f7e16952671b.webp||/uploads/1ea8b9bd-8366-428e-bfcc-a3f18d7e9374.webp||/uploads/c768da2a-7db8-458a-80cc-f25ddc901794.webp||/uploads/4510b4d7-b369-4c97-a30b-ab35f2da7b33.webp**#776e5a','Dài 180cm x Rộng 85cm x Cao 69cm',1,'2025-05-25','2025-06-08',1,31,'X123','Gỗ cao su tự nhiên - Gỗ thông tự nhiên',6),(10,'Combo Phòng Ngủ MOHO VLINE Màu Nâu',100,28460000,20390000,'<div>\r\n<h2><span style=\"font-family: \'times new roman\', times, serif;\"><strong>Chi tiết vật liệu</strong></span></h2>\r\n<div>\r\n<p><span style=\"font-family: \'times new roman\', times, serif;\"><strong>Gỗ tự nhi&ecirc;n</strong></span></p>\r\n<p><span style=\"font-family: \'times new roman\', times, serif;\">Sử dụng&nbsp;gỗ cao su v&agrave; gỗ&nbsp;tr&agrave;m tự nhi&ecirc;n đảm bảo vệ độ chắc chắn cao, chịu lực tốt v&agrave; bền l&acirc;u</span></p>\r\n<p><span style=\"font-family: \'times new roman\', times, serif;\"><strong>Gỗ c&ocirc;ng nghiệp MDF/MFC</strong></span></p>\r\n<p><span style=\"font-family: \'times new roman\', times, serif;\">Gỗ c&ocirc;ng nghiệp (PB, MDF) đạt&nbsp;<strong><a href=\"https://moho.com.vn/blogs/inspiration/noi-that-moho-dat-chuan-carb-p2-an-toan-cho-suc-khoe\" target=\"_blank\" rel=\"noopener\"><u>chuẩn&nbsp;CARB-P2</u></a></strong>&nbsp;an to&agrave;n tuyệt đối cho người sức khỏe người d&ugrave;ng v&agrave; đạt&nbsp;<strong><a href=\"https://moho.com.vn/blogs/noi-that-ung-dung/chung-nhan-fsc-chung-nhan-bao-ve-rung-quy-mo-toan-cau\" target=\"_blank\" rel=\"noopener\"><u>chứng nhận FSC</u></a></strong>&nbsp;bảo vệ v&agrave; ph&aacute;t triển rừng bền vững.&nbsp;</span></p>\r\n<div>\r\n<p><span style=\"font-family: \'times new roman\', times, serif;\"><strong>Gỗ c&ocirc;ng nghiệp Plywood</strong></span></p>\r\n<p><span style=\"font-family: \'times new roman\', times, serif;\">Tấm phảm sử dụng chất liệu Plywood 12mm theo ti&ecirc;u chuẩn CARBP2 vừa th&acirc;n thiện với m&ocirc;i trường, đảm bảo sức khỏe v&agrave; đặc biệt độ chịu lực tại 1 khu vực với diện t&iacute;ch 400 x 488mm l&ecirc;n tới 175kg khi d&ugrave;ng nệm tr&ecirc;n 15cm.</span></p>\r\n</div>\r\n<p><span style=\"font-family: \'times new roman\', times, serif;\"><em>* Một số sản phẩm sử dụng gỗ tự nhi&ecirc;n c&oacute; thể xuất hiện mắt gỗ ngẫu nhi&ecirc;n tr&ecirc;n bề mặt sản phẩm, điều n&agrave;y l&agrave; ho&agrave;n to&agrave;n tự nhi&ecirc;n, tạo n&ecirc;n sự độc đ&aacute;o ri&ecirc;ng cho từng sản phẩm. V&igrave; vậy MOHO sẽ kh&ocirc;ng &aacute;p dụng c&aacute;c ch&iacute;nh s&aacute;ch đổi trả, bảo h&agrave;nh v&agrave; bảo tr&igrave; cho c&aacute;c trường hợp n&agrave;y.</em></span></p>\r\n<h2><span style=\"font-family: \'times new roman\', times, serif;\"><strong>Đặc điểm nổi bật</strong></span></h2>\r\n</div>\r\n<h3><span style=\"font-family: \'times new roman\', times, serif;\"><strong>Giường VLINE 1m6 v&agrave; 1m8</strong></span></h3>\r\n<p><span style=\"font-family: \'times new roman\', times, serif;\"><img title=\"Nội dung sản phẩm\" src=\"https://file.hstatic.net/200000065946/file/3_ffbfab0e99294d72882b0ed0cf821caa_1024x1024.jpg\" alt=\"Giường VLINE n&acirc;u\" width=\"441\" height=\"441\"></span></p>\r\n</div>\r\n<h3><span style=\"font-family: \'times new roman\', times, serif;\"><strong>Tủ quần &aacute;o 2 c&aacute;nh - 3 c&aacute;nh</strong></span></h3>\r\n<div><span style=\"font-family: \'times new roman\', times, serif;\"><img title=\"Nội dung sản phẩm\" src=\"https://file.hstatic.net/200000065946/file/3_b3947f77bd474dad8f2ab3d6f225a383_2048x2048.jpg\" width=\"456\" height=\"912\"></span></div>\r\n<div>&nbsp;</div>\r\n<h3><span style=\"font-family: \'times new roman\', times, serif;\"><strong>Tủ đầu giường VLINE</strong></span></h3>\r\n<div><span style=\"font-family: \'times new roman\', times, serif;\">Tủ được thiết kế&nbsp;<strong>tối ưu c&ocirc;ng năng</strong>: nhỏ gọn gồm phần kệ ngăn v&agrave; hộc tủ ngăn k&eacute;o, gi&uacute;p tối ưu kh&ocirc;ng gian lưu trữ m&agrave; kh&ocirc;ng chiếm nhiều diện t&iacute;ch kh&ocirc;ng gian ph&ograve;ng.</span></div>\r\n<div><span style=\"font-family: \'times new roman\', times, serif;\"><strong><img title=\"Nội dung sản phẩm\" src=\"https://file.hstatic.net/200000065946/file/8_d6ea8935cbc448e7b7b5f0a428d71073_1024x1024.jpg\" width=\"408\" height=\"408\"></strong></span></div>',0,'/uploads/426a728c-5196-4876-980b-ca87ae4ceee7.webp||/uploads/a5ed4b15-3ff9-4625-a3b9-6aa391055df3.webp||/uploads/babbee64-e1ac-48dd-8ee6-aeed68a013c2.webp||/uploads/72935cd6-74e6-4797-9c2c-7e091994823d.webp||/uploads/deba5f92-90dc-4795-aee8-165deb288181.webp**#d6ba9d||#978b85','Dài 212cm x Rộng 176/196cm x Cao đến đầu giường 92cm',1,'2025-05-25','2025-06-08',1,28,'X123','Gỗ tràm tự nhiên, Veneer gỗ tràm tự nhiên',5),(11,'Tủ Quần Áo Gỗ Có Gương MOHO GRENAA 2 Nhiều Kích Thước',100,28460000,20390000,'<p style=\"text-align: center;\"><span style=\"font-family: \'times new roman\', times, serif;\"><a href=\"https://moho.com.vn/products/tu-quan-ao-go-moho-grenaa-2-co-guong-nhieu-kich-thuoc\"><strong>Tủ Quần &Aacute;o Gỗ C&oacute; Gương MOHO GRENAA</strong></a></span></p>\r\n<p><span style=\"font-family: \'times new roman\', times, serif;\">Tủ quần &aacute;o GRENAA kh&ocirc;ng chỉ l&agrave; một sản phẩm lưu trữ tiện dụng m&agrave; c&ograve;n l&agrave; điểm nhấn l&yacute; tưởng cho kh&ocirc;ng gian ph&ograve;ng ngủ của bạn. Với thiết kế hiện đại v&agrave; tối giản, k&egrave;m gương ẩn,&nbsp;kết hợp c&ugrave;ng chất liệu cao cấp v&agrave; an to&agrave;n,&nbsp;<a href=\"https://moho.com.vn/collections/tu-quan-ao\">tủ quần &aacute;o</a>&nbsp;GRENAA sẽ gi&uacute;p bạn sở hữu kh&ocirc;ng gian nghỉ ngơi gọn g&agrave;ng, tiện nghi v&agrave; tinh tế.</span></p>\r\n<h2><span style=\"font-family: \'times new roman\', times, serif;\"><strong>1. Th&ocirc;ng số kỹ thuật</strong></span></h2>\r\n<p><span style=\"font-family: \'times new roman\', times, serif;\"><strong>Set Tủ quần &aacute;o 1m8&nbsp;gồm:</strong></span></p>\r\n<ul>\r\n<li style=\"font-family: \'times new roman\', times, serif;\">\r\n<p><span style=\"font-family: \'times new roman\', times, serif;\">1 Tủ quần &aacute;o kệ ngăn: D&agrave;i 60 X Rộng 60 X Cao 200&nbsp;(cm)</span></p>\r\n</li>\r\n<li style=\"font-family: \'times new roman\', times, serif;\"><span style=\"font-family: \'times new roman\', times, serif;\">1 Tủ quần &aacute;o 2 c&aacute;nh c&oacute; gương: D&agrave;i 120 X Rộng 60&nbsp;X Cao 200&nbsp;(cm)</span></li>\r\n</ul>\r\n<p><span style=\"font-family: \'times new roman\', times, serif;\"><strong>Set Tủ quần &aacute;o 1m2 c&oacute; gương:&nbsp;</strong>&nbsp;D&agrave;i 120 X Rộng 60&nbsp;X Cao 200&nbsp;(cm)</span></p>\r\n<p><span style=\"font-family: \'times new roman\', times, serif;\"><img title=\"Nội dung sản phẩm\" src=\"https://file.hstatic.net/200000065946/file/160_cm_2048x2048.png\" alt=\"set tủ grenaa\" width=\"472\" height=\"236\"></span></p>\r\n<h2><span style=\"font-family: \'times new roman\', times, serif;\"><strong>2. Chi tiết nguy&ecirc;n vật liệu</strong></span></h2>\r\n<h3><span style=\"font-family: \'times new roman\', times, serif;\"><strong>Gỗ c&ocirc;ng nghiệp MDF/MFC ti&ecirc;u chuẩn xuất khẩu Ch&acirc;u &Acirc;u</strong></span></h3>\r\n<p><span style=\"font-family: \'times new roman\', times, serif;\">Với ti&ecirc;u ch&iacute; ưu ti&ecirc;n l&agrave; bảo vệ m&ocirc;i trường v&agrave; cung cấp những sản phẩm an to&agrave;n, tốt cho sức khỏe của con người,&nbsp;<strong><a href=\"https://moho.com.vn/\">Nội Thất MOHO</a></strong>&nbsp;đ&atilde; c&acirc;n nhắc v&agrave; chọn lọc sử dụng những loại vật liệu chất lượng v&agrave; an to&agrave;n cho mọi sản phẩm m&agrave; MOHO cung cấp. V&igrave; vậy m&agrave;&nbsp;&nbsp;tủ quần &aacute;o NARVIK sử dụng&nbsp;<a href=\"https://moho.com.vn/blogs/noi-that-ung-dung/go-cong-nghiep-la-gi-cac-loai-go-cong-nghiep-hien-nay\">gỗ c&ocirc;ng nghiệp MDF/ MFC</a>&nbsp;phủ Melamin đạt chuẩn&nbsp;<a href=\"https://moho.com.vn/blogs/inspiration/noi-that-moho-dat-chuan-carb-p2-an-toan-cho-suc-khoe\"><strong>CARB&nbsp;P2&nbsp;</strong></a>v&agrave;&nbsp;<a href=\"https://moho.com.vn/blogs/inspiration/chung-nhan-fsc-chung-nhan-bao-ve-rung-quy-mo-toan-cau\"><strong>FSC</strong></a> theo ti&ecirc;u chuẩn xuất khẩu.</span></p>\r\n<h3><span style=\"font-family: \'times new roman\', times, serif;\"><strong>Thanh treo hợp kim nh&ocirc;m</strong>&nbsp;</span></h3>\r\n<p><span style=\"font-family: \'times new roman\', times, serif;\">Chống rỉ s&eacute;t, chịu lực từ 10-20kg (trong điều kiện ph&acirc;n bổ lực đồng đều, v&agrave;&nbsp;kh&ocirc;ng c&oacute; yếu tố t&aacute;c động mạnh như rung lắc).&nbsp;Đảm bảo khả năng lưu trữ quần &aacute;o một c&aacute;ch tối ưu.</span></p>\r\n<p><span style=\"font-family: \'times new roman\', times, serif;\"><img title=\"Nội dung sản phẩm\" src=\"https://file.hstatic.net/200000065946/file/dsc09870_2048x2048.jpg\" alt=\"set tủ grenaa\" width=\"527\" height=\"351\"></span></p>\r\n<h3><span style=\"font-family: \'times new roman\', times, serif;\"><strong>Bản lề IVANs cao cấp</strong></span></h3>\r\n<p><span style=\"font-family: \'times new roman\', times, serif;\">Tủ sử dụng bản lề IVANs cao cấp, gi&uacute;p cửa tủ mở v&agrave; đ&oacute;ng nhẹ nh&agrave;ng, bền bỉ, chống rỉ s&eacute;t v&agrave; hạn chế va đập, tiếng ồn, mang đến trải nghiệm sử dụng mượt m&agrave; v&agrave; l&acirc;u d&agrave;i.</span></p>\r\n<p><span style=\"font-family: \'times new roman\', times, serif;\"><img title=\"Nội dung sản phẩm\" src=\"https://file.hstatic.net/200000065946/file/dsc01074_2048x2048.jpg\" alt=\"set tủ grenaa\" width=\"527\" height=\"351\"></span></p>\r\n<h2><span style=\"font-family: \'times new roman\', times, serif;\"><strong>3. Đặc điểm nổi bật</strong></span></h2>\r\n<h3><span style=\"font-family: \'times new roman\', times, serif;\"><strong>Thiết Kế Hiện Đại, Tối Giản</strong>:</span></h3>\r\n<div>\r\n<p><span style=\"font-family: \'times new roman\', times, serif;\">Tủ quần &aacute;o GRENAA sở hữu thiết kế tối giản với gam m&agrave;u lạnh, kh&ocirc;ng pha trộn, gi&uacute;p kh&ocirc;ng gian sống trở n&ecirc;n sang trọng v&agrave; tinh tế.&nbsp;</span></p>\r\n<p><span style=\"font-family: \'times new roman\', times, serif;\">Lược bỏ tay nắm truyền thống, thay v&agrave;o đ&oacute; l&agrave; tay v&aacute;t gi&uacute;p tối ưu kh&ocirc;ng gian v&agrave; tăng t&iacute;nh thẩm mỹ.</span></p>\r\n<h3><span style=\"font-family: \'times new roman\', times, serif;\"><strong>T&iacute;ch hợp gương soi&nbsp;</strong></span></h3>\r\n<p><span style=\"font-family: \'times new roman\', times, serif;\">C&aacute;nh tủ được t&iacute;ch hợp gương soi b&ecirc;n trong, mang lại sự tiện lợi cho bạn khi cần soi gương, thử đồ m&agrave; kh&ocirc;ng lo ảnh hưởng phong thủy hay t&acirc;m linh. Gương được đặt b&ecirc;n trong cửa tủ, gi&uacute;p tiết kiệm kh&ocirc;ng gian m&agrave; vẫn giữ được sự thoải m&aacute;i v&agrave; tiện nghi.</span></p>\r\n</div>\r\n<h3><span style=\"font-family: \'times new roman\', times, serif;\"><strong>C&ocirc;ng Dụng V&agrave; T&iacute;nh Tiện Lợi</strong>:</span></h3>\r\n<p><span style=\"font-family: \'times new roman\', times, serif;\"><strong>Set tủ quần &aacute;o c&oacute; gương&nbsp;1m8&nbsp;</strong>(gồm 1 tủ 2 c&aacute;nh c&oacute; gương&nbsp;1m2 v&agrave; 1 tủ kệ ngăn)<strong>:&nbsp;</strong>Thiết kế tủ quần &aacute;o th&ocirc;ng minh v&agrave; hiện đại, với kh&ocirc;ng gian lưu trữ lớn v&agrave; đa dạng/</span></p>\r\n<p><span style=\"font-family: \'times new roman\', times, serif;\">Một&nbsp;tủ 2 c&aacute;nh k&egrave;m gương soi tiện lợi nằm b&ecirc;n trong cửa tủ, đảm bảo an to&agrave;n&nbsp;v&agrave; tiện lợi</span></p>\r\n<p><span style=\"font-family: \'times new roman\', times, serif;\"><img title=\"Nội dung sản phẩm\" src=\"https://file.hstatic.net/200000065946/file/dsc01080_2048x2048.jpg\" alt=\"set tủ grenaa\" width=\"527\" height=\"351\"></span></p>\r\n<p><span style=\"font-family: \'times new roman\', times, serif;\">Cấu tr&uacute;c tủ tinh tế, với<strong>&nbsp;kh&ocirc;ng gian treo đồ l&ecirc;n tới 1m3 x 1m15</strong>. Thoải m&aacute;i treo nhiều loại đồ kh&aacute;c nhau từ những chiếc &aacute;o thun nhỏ gọn hay tới những chiếc v&aacute;y, đầm d&agrave;i. 4 kệ ngăn với k&iacute;ch thước kh&aacute;c nhau, 2 ngăn dưới c&oacute; thể để vừa vali loại 32cm. Kệ tr&ecirc;n thoải m&aacute;i để c&aacute;c loại gối, chăn hoặc c&aacute;c loại đồ kh&aacute;c.</span></p>\r\n<h3><span style=\"font-family: \'times new roman\', times, serif;\"><strong>Dễ D&agrave;ng Tối Ưu Kh&ocirc;ng Gian</strong></span></h3>\r\n<p><span style=\"font-family: \'times new roman\', times, serif;\">Tủ GRENAA kh&ocirc;ng chỉ gi&uacute;p bạn sắp xếp quần &aacute;o, gi&agrave;y d&eacute;p v&agrave; c&aacute;c vật dụng c&aacute; nh&acirc;n m&agrave; c&ograve;n tối ưu kh&ocirc;ng gian ph&ograve;ng ngủ, tạo sự gọn g&agrave;ng, tiện nghi v&agrave; dễ d&agrave;ng tiếp cận c&aacute;c vật dụng cần thiết.</span></p>',0,'/uploads/426a728c-5196-4876-980b-ca87ae4ceee7.webp||/uploads/a5ed4b15-3ff9-4625-a3b9-6aa391055df3.webp||/uploads/babbee64-e1ac-48dd-8ee6-aeed68a013c2.webp||/uploads/72935cd6-74e6-4797-9c2c-7e091994823d.webp||/uploads/deba5f92-90dc-4795-aee8-165deb288181.webp**#d6ba9d||#978b85','Dài 120 X Rộng 60 X Cao 200 (cm)',1,'2025-05-25','2025-06-08',1,32,'X123','Gỗ MFC/MDF chuẩn CARB P2 (*)',5),(12,'Tủ Quần Áo Ubeda Ngăn Kệ 201 Có Gương Nhiều Kích Thước',100,9999000,6999000,'<h2><span style=\"font-family: \'times new roman\', times, serif;\"><strong>Th&ocirc;ng số kỹ thuật</strong></span></h2>\r\n<p><span style=\"font-family: \'times new roman\', times, serif;\"><strong>Set Tủ quần &aacute;o 1m8&nbsp;gồm:</strong></span></p>\r\n<ul>\r\n<li style=\"font-family: \'times new roman\', times, serif;\">\r\n<p><span style=\"font-family: \'times new roman\', times, serif;\">1 Tủ quần &aacute;o kệ ngăn c&oacute; gương: D&agrave;i 60 X Rộng 60 X Cao 200&nbsp;(cm)</span></p>\r\n</li>\r\n<li style=\"font-family: \'times new roman\', times, serif;\"><span style=\"font-family: \'times new roman\', times, serif;\">1 Tủ quần &aacute;o 2 c&aacute;nh: D&agrave;i 120 X Rộng 60&nbsp;X Cao 200&nbsp;(cm)</span></li>\r\n</ul>\r\n<p><span style=\"font-family: \'times new roman\', times, serif;\"><strong>Set Tủ quần &aacute;o 1m2:&nbsp;</strong>D&agrave;i 120 X Rộng 60&nbsp;X Cao 200&nbsp;(cm)</span></p>\r\n<p><span style=\"font-family: \'times new roman\', times, serif;\"><img style=\"display: block; margin-left: auto; margin-right: auto;\" title=\"Nội dung sản phẩm\" src=\"https://file.hstatic.net/200000065946/file/ban_sao_cua_160_cm_514cc8a725ac4bb58dc543620ba665a1_2048x2048.png\" width=\"432\" height=\"216\"></span></p>\r\n<h2><span style=\"font-family: \'times new roman\', times, serif;\"><strong>Chi tiết nguy&ecirc;n vật liệu</strong></span></h2>\r\n<p><span style=\"font-family: \'times new roman\', times, serif;\">Với ti&ecirc;u ch&iacute; ưu ti&ecirc;n l&agrave; bảo vệ m&ocirc;i trường v&agrave; cung cấp những sản phẩm an to&agrave;n, tốt cho sức khỏe của con người, MOHO đ&atilde; c&acirc;n nhắc v&agrave; chọn lọc sử dụng những nguy&ecirc;n liệu tốt nhất trong từng sản phẩm.&nbsp;Tủ quần &aacute;o Ubeda được l&agrave;m từ&nbsp;nguy&ecirc;n liệu ch&iacute;nh: gỗ c&ocirc;ng nghiệp MDF/ MFC phủ Melamin đạt chuẩn Carb P2 v&agrave; gỗ cao su.</span></p>\r\n<h3><span style=\"font-family: \'times new roman\', times, serif;\"><strong>Gỗ c&ocirc;ng nghiệp MDF/ MFC phủ Melamin</strong></span></h3>\r\n<p><span style=\"font-family: \'times new roman\', times, serif;\">Sử dụng MDF/ MFC phủ Melamin vừa gi&uacute;p bảo vệ m&ocirc;i trường, vừa tăng khả năng chống trầy xước m&agrave; vẫn đảm bảo kết cấu chắc chắn, bền bỉ cho sản phẩm. Đặc biệt, đạt ti&ecirc;u chuẩn CARBP2 rất an to&agrave;n cho sức khỏe của bạn.</span></p>\r\n<h2><span style=\"font-family: \'times new roman\', times, serif;\"><strong>Đặc điểm chi tiết sản phẩm</strong></span></h2>\r\n<h3><span style=\"font-family: \'times new roman\', times, serif;\"><strong>Set tủ quần &aacute;o c&oacute; gương kh&ocirc;ng c&aacute;nh 1m8 (gồm 1 tủ 2 c&aacute;nh 1m2 v&agrave; 1 tủ c&oacute; gương kh&ocirc;ng c&aacute;nh d&agrave;i 60cm)</strong></span></h3>\r\n<p><span style=\"font-family: \'times new roman\', times, serif;\">- Thiết kế tủ quần &aacute;o th&ocirc;ng minh v&agrave; hiện đại. Vừa c&oacute; thể sử dụng như 1 tủ lưu trữ quần &aacute;o hoặc tủ trang tr&iacute; hoặc b&agrave;n trang điểm</span></p>\r\n<p><span style=\"font-family: \'times new roman\', times, serif;\">- Với thiết kế tối ưu gồm:</span></p>\r\n<p><span style=\"font-family: \'times new roman\', times, serif;\">&nbsp; &nbsp; &nbsp; + 1 gương soi tiện lợi: mặt k&iacute;nh được l&agrave;m từ k&iacute;nh an to&agrave;n, chất lượng cao</span></p>',0,'/uploads/c8a8cc63-2ffd-458c-87b4-0e39804f4600.webp||/uploads/f5b6f6d2-42ac-43db-b152-7b914c6b4d65.webp**#a3a39f||#a88758||#eae9e3','Tủ quần áo 2 cánh 1m2: Dài 120 X Rộng 60 X Cao 200 (cm)',1,'2025-05-25','2025-06-08',1,29,'X123','Gỗ cao su và gỗ MFC chuẩn CARB P2 (*)',4),(13,'Tủ Tivi Dalumd (Màu Nâu Hạnh Nhân, 160)',600,6290000,4290000,'<p>a</p>',0,'/uploads/eccddcb2-450b-4a84-96ca-a0875a72d956.jpg||/uploads/c9f8ddc4-3b0d-46b4-949e-dfa7a31bf4b8.jpg||/uploads/41edb800-3f5e-4190-8c35-c274d5f8e472.jpg**#564130','Dài 160cm x Rộng 40cm x Cao 50cm',1,'2025-06-08','2025-06-08',1,1,'X123','Gỗ công nghiệp MFC/ MDF phủ Melamine chuẩn',3),(14,'Bàn Sofa – Bàn Cafe – Bàn Trà Dalumd (Màu Nâu Hạnh Nhân, 80)',500,2790000,1990000,'<p>a</p>',0,'/uploads/f4c44583-3db1-47a6-854c-7af45cc14ff6.webp||/uploads/c6535bc3-3f8f-4837-88f6-557a31a99c05.webp||/uploads/d51ac7e5-798e-4580-8a9c-2b007d63197d.jpg**#877360','Dài 80cm x  Rộng 60cm x Cao 40cm ',1,'2025-06-08','2025-11-02',1,1,'X123','Gỗ công nghiệp MFC phủ Melamine chuẩn CARB P2',6),(15,'Ghế Sofa Moho Dalumd 301 (Màu Nâu 180)',600,12990000,8990000,'<p>A</p>',0,'/uploads/3a73011e-fb6b-4ca0-ba54-c878bf8994ca.jpg||/uploads/16a29ec2-1e44-4c5e-8246-04c579bafdb2.webp||/uploads/3726c245-ab1f-4328-ad86-7a24288970b2.webp**#a29a93||#c9c4b8','Dài 80cm x  Rộng 60cm x Cao 40cm ',1,'2025-06-08','2025-06-08',1,1,'X123','Gỗ công nghiệp MFC phủ Melamine chuẩn CARB P2',5),(16,'Giường Ngủ Gỗ Tràm MOHO DALUMD 301 Ver 2 Màu Nâu Hạnh Nhân',600,9990000,8290000,'<p>a</p>',0,'/uploads/92ebf894-4935-4c87-bbea-f9803cf61aee.webp||/uploads/874f5079-457e-4c4d-b204-a7608ea393c9.webp||/uploads/1d09d6da-cc8f-4643-a659-b8b18ddaa1d4.jpg**#745c40','Chiều dài 140cm x Chiều rộng 70cm x Chiều cao 75cm ',1,'2025-06-08','2025-06-08',1,1,'X123','Gỗ công nghiệp MFC phủ Melamine chuẩn CARB P2',6),(17,'Tủ Đầu Giường Gỗ MOHO DALUMD',600,2190000,1790000,'<p>a</p>',0,'/uploads/e339256e-ffd4-4840-acc9-85eb14e15bdc.webp||/uploads/5cb35863-efa1-4b44-a03a-d77fef5e9d2c.jpg||/uploads/df491d9a-4539-4cff-a887-111950917bf3.webp**#746349||#6a503a','Chiều dài 140cm x Chiều rộng 70cm x Chiều cao 75cm ',1,'2025-06-08','2025-11-02',1,1,'X123','Gỗ công nghiệp MFC phủ Melamine chuẩn CARB P2',3),(18,'Bàn Trang Điểm Gỗ Đa Năng MOHO VIENNA 202 Màu Nâu',600,5490000,3990000,'<p>a</p>',0,'/uploads/ef795bc9-f6fc-4729-9dd6-6d06a720c123.jpg||/uploads/1ad2543b-8147-479f-9e0e-15c55e4f2723.jpg||/uploads/f3f718bc-bc08-42e2-9acd-0b16f0b27f49.webp**#b38570','Chiều dài 140cm x Chiều rộng 70cm x Chiều cao 75cm ',1,'2025-06-08','2025-06-08',1,1,'X123','Gỗ công nghiệp MFC phủ Melamine chuẩn CARB P2',5),(19,'Bàn Trang Điểm Gỗ Đa Năng MOHO VIENNA 202 Màu Tự Nhiên',600,5490000,3990000,'<p>a</p>',0,'/uploads/707c3ab7-48ce-4289-ab86-fac5a2edf5f3.webp||/uploads/bccb8aca-2a7a-487b-8516-9a3c942abd4f.webp||/uploads/512fa872-3343-4379-8915-5dcb1a0ee4c5.webp**#e4c497','Chiều dài 140cm x Chiều rộng 70cm x Chiều cao 75cm ',1,'2025-06-08','2025-06-08',1,1,'X123','Gỗ công nghiệp MFC phủ Melamine chuẩn CARB P2',7),(20,'Ghế Xoay Văn Phòng Tay Gập Thông Minh MOHO RIGA 701',600,1690000,1099000,'<p>a</p>',0,'/uploads/d82c4356-a146-43d5-94ce-bba051e147a3.jpg||/uploads/08ae4109-4a16-4102-84b6-d2cc3d357c89.webp||/uploads/4f21dc24-4c76-4f0f-9bf6-c6f8f190463d.webp**#000000||#ffffff','Chiều dài 140cm x Chiều rộng 70cm x Chiều cao 75cm ',1,'2025-06-08','2025-11-02',2,1,'X123','Gỗ công nghiệp MFC phủ Melamine chuẩn CARB P2',3),(21,'Ghế Văn Phòng Chân Xoay MOHO MAJOR 701',600,1690000,1399000,'<p>a</p>',0,'/uploads/098b7c6e-5275-4d06-8059-46309fe0c102.jpg||/uploads/16c43ab6-de61-4f55-b73e-7d8a1d7baef6.webp||/uploads/cb30ff3b-e2ed-4cd8-af1c-abca5284393c.jpg**#000000||#cbcdc2','Chiều dài 140cm x Chiều rộng 70cm x Chiều cao 75cm ',1,'2025-06-08','2025-11-02',1,1,'X123','Gỗ công nghiệp MFC phủ Melamine chuẩn CARB P2',4),(22,'Ghế Văn Phòng Chân Quỳ MOHO CALLOSO 701',600,1690000,1499000,'<p>a</p>',0,'/uploads/1c8cb13c-531a-4431-8f23-5f44e6290884.jpg||/uploads/91e861e7-4662-496b-9ea9-67cc02ef6ae7.webp||/uploads/404d13a3-4b70-4728-a0fc-edf60846a68a.webp**#000000','Chiều dài 140cm x Chiều rộng 70cm x Chiều cao 75cm ',1,'2025-06-08','2025-11-02',2,1,'X123','Gỗ công nghiệp MFC phủ Melamine chuẩn CARB P2',5),(23,'Set Tủ Quần Áo Gỗ MOHO VIENNA 201 3 Cánh Thanh Treo 4 Màu',700,11980000,8990000,'<p>a</p>',0,'/uploads/2eaaa356-1607-4b95-8efe-13b49943215e.webp||/uploads/ad2b5bcd-e6a5-46a6-973a-c76be2c417c5.webp||/uploads/52c07281-5e89-4bd1-84e1-3b0686971dbd.webp**#f5f5f5||#d6b492||#876917','Chiều dài 140cm x Chiều rộng 70cm x Chiều cao 75cm ',1,'2025-06-08','2025-06-08',1,1,'X123','Gỗ công nghiệp MFC phủ Melamine chuẩn CARB P2',5),(24,'Set Tủ Quần Áo Gỗ MOHO VIENNA 201 2 Cánh 4 Màu',700,8980000,6590000,'<p>a</p>',0,'/uploads/a62fe258-3aa5-47f3-b1b1-a0b8c8d16b67.webp**#000000','Chiều dài 140cm x Chiều rộng 70cm x Chiều cao 75cm ',1,'2025-06-08','2025-06-08',1,1,'X123','Gỗ công nghiệp MFC phủ Melamine chuẩn CARB P2',4),(25,'Set Tủ Quần Áo Gỗ MOHO HOBRO 301 2 Cánh',700,8980000,6590000,'<p>a</p>',0,'/uploads/b867a428-e6c6-4e07-941b-be26f25c7a27.webp||/uploads/6f48ef03-0151-46eb-a5b3-15028d2d8242.webp||/uploads/5a2da6e6-1596-404c-a54a-3685e1964ad4.webp**#b58769||#b8b7b7','Chiều dài 140cm x Chiều rộng 70cm x Chiều cao 75cm ',1,'2025-06-08','2025-06-08',1,1,'X123','Gỗ công nghiệp MFC phủ Melamine chuẩn CARB P2',3),(26,'Tủ Quần Áo Gỗ MOHO DALUMD Thanh Treo',700,8980000,4490000,'<p>a</p>',0,'/uploads/013a0647-eae9-430c-bbe2-eb53e520a426.webp||/uploads/7a6ef440-c784-4966-b103-ab98a91c5a46.webp**#9d8e82','Chiều dài 140cm x Chiều rộng 70cm x Chiều cao 75cm ',1,'2025-06-08','2025-06-08',1,1,'X123','Gỗ công nghiệp MFC phủ Melamine chuẩn CARB P2',6),(27,'Bàn Ăn Gỗ Cao Su MOHO OSLO 901',700,4490000,3290000,'<p>a</p>',0,'/uploads/99227c99-d520-45bb-a903-5884794f4f29.jpg||/uploads/4a7ad583-fc83-43a4-aa5c-74c0d41d4f80.jpg**#946c4f','Chiều dài 140cm x Chiều rộng 70cm x Chiều cao 75cm ',0,'2025-06-08','2025-11-02',2,1,'X123','Gỗ công nghiệp MFC phủ Melamine chuẩn CARB P2',4),(28,'Bàn Ăn Gỗ Cao Su Tự Nhiên MOHO VLINE 601 90cm',700,2990000,2199000,'<p>a</p>',0,'/uploads/46f8841a-f740-4e96-b344-63e0c7d5d1e7.jpg||/uploads/76159fe4-eb00-4052-9be7-ace1cd475348.jpg||/uploads/1bcc8b72-38a0-43e4-9a3b-8eccafb561b1.webp**#ccbdb7||#805c48','Chiều dài 140cm x Chiều rộng 70cm x Chiều cao 75cm ',1,'2025-06-08','2025-11-02',2,1,'X123','Gỗ công nghiệp MFC phủ Melamine chuẩn CARB P2',7),(29,'Bộ Bàn Ăn 4 Ghế - 6 Ghế Gỗ Tự Nhiên SCANIA (Màu Nâu - Mặt Vân Đá)',700,18830000,12790000,'<p>a</p>',0,'/uploads/b154aee6-1087-4160-993b-21ad1c7fe04a.webp||/uploads/5e030087-1414-4c9f-addf-1227cce8138a.webp||/uploads/d1e3357c-dd13-435d-8215-4d4d0fb65d1e.webp**#000000','Chiều dài 140cm x Chiều rộng 70cm x Chiều cao 75cm ',1,'2025-06-08','2025-06-08',1,1,'X123','Gỗ công nghiệp MFC phủ Melamine chuẩn CARB P2',3),(31,'Bàn Ăn Scania (Màu Tự Nhiên, Mặt Vân Đá, 140)',100,5690000,3590000,'<p>a</p>',0,'/uploads/1c85afc9-c152-4b34-b62e-8d8cd5801f08.webp||/uploads/fdd89107-905f-4fa9-9f98-23e613269de1.webp**#bdc011','Chiều dài 140cm x Chiều rộng 70cm x Chiều cao 75cm ',1,'2025-10-28','2025-11-02',1,1,'X123','Gỗ công nghiệp phủ Melamine vân đá tự nhiên',6),(32,'Bàn Ăn Ben (Màu Tự Nhiên, Mặt Vân Đá, 140)',100,5690000,3590000,'<p>a</p>',0,'/uploads/d941cb61-968b-4ee2-91dd-8e665d35dc61.webp||/uploads/8538e87d-9260-4a03-a539-21dbe8c55b10.webp**#cb9625','Chiều dài 140cm x Chiều rộng 70cm x Chiều cao 75cm ',1,'2025-10-28','2025-11-02',1,1,'X123','Gỗ công nghiệp phủ Melamine vân đá tự nhiên',6);
/*!40000 ALTER TABLE `products` ENABLE KEYS */;
UNLOCK TABLES;

--
-- Table structure for table `reviews`
--

DROP TABLE IF EXISTS `reviews`;
/*!40101 SET @saved_cs_client     = @@character_set_client */;
/*!50503 SET character_set_client = utf8mb4 */;
CREATE TABLE `reviews` (
  `review_id` int NOT NULL AUTO_INCREMENT,
  `rate` int DEFAULT NULL,
  `comment` text,
  `created_at` datetime DEFAULT NULL,
  `user_id` int DEFAULT NULL,
  `product_id` int DEFAULT NULL,
  `order_id` int DEFAULT NULL,
  PRIMARY KEY (`review_id`),
  KEY `user_id` (`user_id`),
  KEY `product_id` (`product_id`),
  KEY `order_id` (`order_id`),
  CONSTRAINT `reviews_ibfk_1` FOREIGN KEY (`user_id`) REFERENCES `users` (`user_id`),
  CONSTRAINT `reviews_ibfk_2` FOREIGN KEY (`product_id`) REFERENCES `products` (`product_id`),
  CONSTRAINT `reviews_ibfk_3` FOREIGN KEY (`order_id`) REFERENCES `orders` (`order_id`)
) ENGINE=InnoDB DEFAULT CHARSET=utf8mb4 COLLATE=utf8mb4_0900_ai_ci;
/*!40101 SET character_set_client = @saved_cs_client */;

--
-- Dumping data for table `reviews`
--

LOCK TABLES `reviews` WRITE;
/*!40000 ALTER TABLE `reviews` DISABLE KEYS */;
/*!40000 ALTER TABLE `reviews` ENABLE KEYS */;
UNLOCK TABLES;

--
-- Table structure for table `roles`
--

DROP TABLE IF EXISTS `roles`;
/*!40101 SET @saved_cs_client     = @@character_set_client */;
/*!50503 SET character_set_client = utf8mb4 */;
CREATE TABLE `roles` (
  `role_id` int NOT NULL AUTO_INCREMENT,
  `role_name` varchar(50) DEFAULT NULL,
  PRIMARY KEY (`role_id`)
) ENGINE=InnoDB AUTO_INCREMENT=4 DEFAULT CHARSET=utf8mb4 COLLATE=utf8mb4_0900_ai_ci;
/*!40101 SET character_set_client = @saved_cs_client */;

--
-- Dumping data for table `roles`
--

LOCK TABLES `roles` WRITE;
/*!40000 ALTER TABLE `roles` DISABLE KEYS */;
INSERT INTO `roles` VALUES (1,'ADMIN'),(2,'CUSTOMER'),(3,'MEGA_ADMIN');
/*!40000 ALTER TABLE `roles` ENABLE KEYS */;
UNLOCK TABLES;

--
-- Table structure for table `shipping_address`
--

DROP TABLE IF EXISTS `shipping_address`;
/*!40101 SET @saved_cs_client     = @@character_set_client */;
/*!50503 SET character_set_client = utf8mb4 */;
CREATE TABLE `shipping_address` (
  `shipping_address_id` int NOT NULL AUTO_INCREMENT,
  `fullname` varchar(50) DEFAULT NULL,
  `phone_number` varchar(10) DEFAULT NULL,
  `email` varchar(255) DEFAULT NULL,
  `address` text,
  `is_default` tinyint(1) DEFAULT NULL,
  `order_id` int DEFAULT NULL,
  `user_id` int DEFAULT NULL,
  PRIMARY KEY (`shipping_address_id`),
  KEY `order_id` (`order_id`),
  KEY `user_id` (`user_id`),
  CONSTRAINT `shipping_address_ibfk_1` FOREIGN KEY (`order_id`) REFERENCES `orders` (`order_id`),
  CONSTRAINT `shipping_address_ibfk_2` FOREIGN KEY (`user_id`) REFERENCES `users` (`user_id`)
) ENGINE=InnoDB AUTO_INCREMENT=6 DEFAULT CHARSET=utf8mb4 COLLATE=utf8mb4_0900_ai_ci;
/*!40101 SET character_set_client = @saved_cs_client */;

--
-- Dumping data for table `shipping_address`
--

LOCK TABLES `shipping_address` WRITE;
/*!40000 ALTER TABLE `shipping_address` DISABLE KEYS */;
INSERT INTO `shipping_address` VALUES (1,'Chuyền Lê Văn','0978720503','ben@gmail.com','Ha Noi, Number 5, Co Bong, Tho Xuan',NULL,4910,NULL),(2,' ','','',', , , ',NULL,4911,NULL),(3,' ','','',', , , ',NULL,4912,NULL),(4,' ','','',', , , ',NULL,4913,NULL),(5,' ','','',', , , ',NULL,4914,NULL);
/*!40000 ALTER TABLE `shipping_address` ENABLE KEYS */;
UNLOCK TABLES;

--
-- Table structure for table `users`
--

DROP TABLE IF EXISTS `users`;
/*!40101 SET @saved_cs_client     = @@character_set_client */;
/*!50503 SET character_set_client = utf8mb4 */;
CREATE TABLE `users` (
  `user_id` int NOT NULL AUTO_INCREMENT,
  `password` varchar(255) DEFAULT NULL,
  `gender` varchar(10) DEFAULT NULL,
  `user_fullname` varchar(50) DEFAULT NULL,
  `user_phone_number` varchar(10) DEFAULT NULL,
  `user_email` varchar(255) DEFAULT NULL,
  `user_created_date` date DEFAULT NULL,
  `user_modified_date` date DEFAULT NULL,
  `user_isactive` int DEFAULT NULL,
  `user_address` text,
  `login_count` int DEFAULT NULL,
  `role_id` int DEFAULT NULL,
  `avatar` varchar(255) DEFAULT NULL,
  PRIMARY KEY (`user_id`),
  KEY `role_id` (`role_id`),
  CONSTRAINT `users_ibfk_1` FOREIGN KEY (`role_id`) REFERENCES `roles` (`role_id`)
) ENGINE=InnoDB AUTO_INCREMENT=74 DEFAULT CHARSET=utf8mb4 COLLATE=utf8mb4_0900_ai_ci;
/*!40101 SET character_set_client = @saved_cs_client */;

--
-- Dumping data for table `users`
--

LOCK TABLES `users` WRITE;
/*!40000 ALTER TABLE `users` DISABLE KEYS */;
INSERT INTO `users` VALUES (1,'$2a$10$GNZVL4VV00AsDnDXXyuv/u7inNiUL/n5xRUPBONzzpAE7oW56YEBK','Nam','Nguyễn Văn A','0912345678','nguyenvana@example.com','2025-05-17','2025-05-17',0,'Số 1, Đường Lê Lợi, Hà Nội',1,2,NULL),(2,'$2a$10$GNZVL4VV00AsDnDXXyuv/u7inNiUL/n5xRUPBONzzpAE7oW56YEBK','Nữ','Trần Thị B','0934567890','tranthib@example.com','2025-05-17','2025-05-17',0,'Số 10, Đường Trần Phú, TP.HCM',1,2,NULL),(3,'$2a$10$GNZVL4VV00AsDnDXXyuv/u7inNiUL/n5xRUPBONzzpAE7oW56YEBK','Nam','Lê Văn C','0987654321','levanc@example.com','2025-05-17','2025-05-17',0,'Số 5, Phố Huế, Hà Nội',1,2,NULL),(4,'$2a$10$GNZVL4VV00AsDnDXXyuv/u7inNiUL/n5xRUPBONzzpAE7oW56YEBK','Nữ','Phạm Thị D','0971234567','phamthid@example.com','2025-05-17','2025-05-17',0,'Số 15, Nguyễn Trãi, Đà Nẵng',1,2,NULL),(5,'$2a$10$GNZVL4VV00AsDnDXXyuv/u7inNiUL/n5xRUPBONzzpAE7oW56YEBK','Nam','Đặng Văn E','0962345678','dangvane@example.com','2025-05-17','2025-05-17',1,'123 Lý Thường Kiệt, Cần Thơ',1,2,NULL),(6,'$2a$10$GNZVL4VV00AsDnDXXyuv/u7inNiUL/n5xRUPBONzzpAE7oW56YEBK','Nữ','Võ Thị F','0943456789','vothif@example.com','2025-05-17','2025-05-17',1,'45 Trường Chinh, Huế',1,2,NULL),(7,'$2a$10$GNZVL4VV00AsDnDXXyuv/u7inNiUL/n5xRUPBONzzpAE7oW56YEBK','Nam','Bùi Văn G','0939876543','buivang@example.com','2025-05-17','2025-05-17',1,'78 Nguyễn Huệ, Hà Tĩnh',1,2,NULL),(8,'$2a$10$GNZVL4VV00AsDnDXXyuv/u7inNiUL/n5xRUPBONzzpAE7oW56YEBK','Nữ','Hoàng Thị H','0924567890','hoangthih@example.com','2025-05-17','2025-05-17',0,'9 Hùng Vương, Quảng Ninh',1,2,NULL),(9,'$2a$10$GNZVL4VV00AsDnDXXyuv/u7inNiUL/n5xRUPBONzzpAE7oW56YEBK','Nam','Trịnh Văn I','0918765432','trinhvani@example.com','2025-05-17','2025-05-17',1,'Số 66, Phan Đình Phùng, Nghệ An',1,2,NULL),(10,'$2a$10$GNZVL4VV00AsDnDXXyuv/u7inNiUL/n5xRUPBONzzpAE7oW56YEBK','Nữ','Đỗ Thị K','0901234567','dothik@example.com','2025-05-17','2025-05-17',1,'20 Hai Bà Trưng, Nam Định',1,2,NULL),(11,'$2a$10$GNZVL4VV00AsDnDXXyuv/u7inNiUL/n5xRUPBONzzpAE7oW56YEBK','Nam','Trịnh Văn X','0918765432','trinhvani@example.com','2025-05-17','2025-05-17',0,'Số 66, Phan Đình Phùng, Nghệ An',1,2,NULL),(12,'$2a$10$GNZVL4VV00AsDnDXXyuv/u7inNiUL/n5xRUPBONzzpAE7oW56YEBK','Nữ','Đỗ Thị Z','0901234567','dothik@example.com','2025-05-17','2025-05-17',1,'20 Hai Bà Trưng, Nam Định',1,2,NULL),(13,'$2a$10$GNZVL4VV00AsDnDXXyuv/u7inNiUL/n5xRUPBONzzpAE7oW56YEBK','Nam','Nguyễn Văn L','0901000001','nguyenvanl@example.com','2025-05-17','2025-05-17',1,'1A Đường Láng, Hà Nội',1,2,NULL),(14,'$2a$10$GNZVL4VV00AsDnDXXyuv/u7inNiUL/n5xRUPBONzzpAE7oW56YEBK','Nữ','Trần Thị M','0901000002','tranthim@example.com','2025-05-17','2025-05-17',1,'2B Trường Sa, TP.HCM',1,2,NULL),(15,'$2a$10$GNZVL4VV00AsDnDXXyuv/u7inNiUL/n5xRUPBONzzpAE7oW56YEBK','Nam','Lê Văn N','0901000003','levann@example.com','2025-05-17','2025-05-17',1,'3C Nguyễn Đình Chiểu, Đà Nẵng',1,2,NULL),(16,'$2a$10$GNZVL4VV00AsDnDXXyuv/u7inNiUL/n5xRUPBONzzpAE7oW56YEBK','Nữ','Phạm Thị O','0901000004','phamthio@example.com','2025-05-17','2025-05-17',1,'4D Hùng Vương, Huế',1,2,NULL),(17,'$2a$10$GNZVL4VV00AsDnDXXyuv/u7inNiUL/n5xRUPBONzzpAE7oW56YEBK','Nam','Đặng Văn P','0901000005','dangvanp@example.com','2025-05-17','2025-05-17',1,'5E Điện Biên Phủ, Cần Thơ',1,2,NULL),(18,'$2a$10$GNZVL4VV00AsDnDXXyuv/u7inNiUL/n5xRUPBONzzpAE7oW56YEBK','Nữ','Võ Thị Q','0901000006','vothiq@example.com','2025-05-17','2025-05-17',1,'6F Nguyễn Trãi, Hà Nam',1,2,NULL),(19,'$2a$10$GNZVL4VV00AsDnDXXyuv/u7inNiUL/n5xRUPBONzzpAE7oW56YEBK','Nam','Bùi Văn R','0901000007','buivanr@example.com','2025-05-17','2025-05-17',1,'7G Trần Hưng Đạo, Bắc Ninh',1,2,NULL),(20,'$2a$10$GNZVL4VV00AsDnDXXyuv/u7inNiUL/n5xRUPBONzzpAE7oW56YEBK','Nữ','Hoàng Thị S','0901000008','hoangthis@example.com','2025-05-17','2025-05-17',1,'8H Quang Trung, Thái Nguyên',1,2,NULL),(21,'$2a$10$GNZVL4VV00AsDnDXXyuv/u7inNiUL/n5xRUPBONzzpAE7oW56YEBK','Nam','Trịnh Văn T','0901000009','trinhvant@example.com','2025-05-17','2025-05-17',1,'9I Lê Duẩn, Hải Phòng',1,2,NULL),(22,'$2a$10$GNZVL4VV00AsDnDXXyuv/u7inNiUL/n5xRUPBONzzpAE7oW56YEBK','Nữ','Đỗ Thị U','0901000010','dothiu@example.com','2025-05-17','2025-05-17',1,'10J Hai Bà Trưng, Thanh Hóa',1,2,NULL),(23,'$2a$10$GNZVL4VV00AsDnDXXyuv/u7inNiUL/n5xRUPBONzzpAE7oW56YEBK','Nam','Phan Văn V','0901000011','phanvanv@example.com','2025-05-17','2025-05-17',1,'11K Trần Phú, Nam Định',1,2,NULL),(24,'$2a$10$GNZVL4VV00AsDnDXXyuv/u7inNiUL/n5xRUPBONzzpAE7oW56YEBK','Nữ','Lý Thị W','0901000012','lythiw@example.com','2025-05-17','2025-05-17',1,'12L Phạm Ngũ Lão, Quảng Ninh',1,2,NULL),(25,'$2a$10$GNZVL4VV00AsDnDXXyuv/u7inNiUL/n5xRUPBONzzpAE7oW56YEBK','Nam','Trần Văn Long','0987654312','admin@gmail.com','2025-05-17','2025-11-04',1,'13M Bạch Đằng, Nghệ An',1,1,'/uploads/0c9b8447-ae19-4f10-9fdc-47a346c06c16_OIP.webp'),(26,'$2a$10$GNZVL4VV00AsDnDXXyuv/u7inNiUL/n5xRUPBONzzpAE7oW56YEBK','Nữ','Ngô Thị Y','0901000014','ngothiy@example.com','2025-05-17','2025-05-17',1,'14N Lý Thường Kiệt, Hà Tĩnh',1,2,NULL),(27,'$2a$10$GNZVL4VV00AsDnDXXyuv/u7inNiUL/n5xRUPBONzzpAE7oW56YEBK','Nam','Đỗ Văn Z','0901000015','dovanz@example.com','2025-05-17','2025-05-17',1,'15O Trần Hưng Đạo, Huế',1,2,NULL),(28,'$2a$10$GNZVL4VV00AsDnDXXyuv/u7inNiUL/n5xRUPBONzzpAE7oW56YEBK','Nữ','Trương Thị AA','0901000016','truongthiaa@example.com','2025-05-17','2025-05-17',1,'16P Nguyễn Huệ, Đà Nẵng',1,2,NULL),(29,'$2a$10$GNZVL4VV00AsDnDXXyuv/u7inNiUL/n5xRUPBONzzpAE7oW56YEBK','Nam','Phạm Văn BB','0901000017','phamvanbb@example.com','2025-05-17','2025-05-17',1,'17Q Điện Biên Phủ, TP.HCM',1,2,NULL),(30,'$2a$10$GNZVL4VV00AsDnDXXyuv/u7inNiUL/n5xRUPBONzzpAE7oW56YEBK','Nữ','Lê Thị CC','0901000018','lethicc@example.com','2025-05-17','2025-05-17',1,'18R Hùng Vương, Cần Thơ',1,2,NULL),(31,'$2a$10$GNZVL4VV00AsDnDXXyuv/u7inNiUL/n5xRUPBONzzpAE7oW56YEBK','Nam','Trần Văn DD','0901000019','tranvandd@example.com','2025-05-17','2025-05-17',1,'19S Nguyễn Trãi, Hà Nội',1,2,NULL),(32,'$2a$10$GNZVL4VV00AsDnDXXyuv/u7inNiUL/n5xRUPBONzzpAE7oW56YEBK','Nữ','Hoàng Thị EE','0901000020','hoangthiee@example.com','2025-05-17','2025-05-17',1,'20T Quang Trung, Hải Phòng',1,2,NULL),(33,'$2a$10$GNZVL4VV00AsDnDXXyuv/u7inNiUL/n5xRUPBONzzpAE7oW56YEBK','Nam','Nguyễn Văn FF','0901000021','nguyenvanff@example.com','2025-05-17','2025-05-17',1,'21U Trần Phú, Nam Định',1,2,NULL),(34,'$2a$10$GNZVL4VV00AsDnDXXyuv/u7inNiUL/n5xRUPBONzzpAE7oW56YEBK','Nữ','Đặng Thị GG','0901000022','dangthigg@example.com','2025-05-17','2025-05-17',1,'22V Hai Bà Trưng, Hà Nam',1,2,NULL),(35,'$2a$10$GNZVL4VV00AsDnDXXyuv/u7inNiUL/n5xRUPBONzzpAE7oW56YEBK','Nam','Phan Văn HH','0901000023','phanvanhh@example.com','2025-05-17','2025-05-17',1,'23W Lê Duẩn, Thái Nguyên',1,2,NULL),(36,'$2a$10$GNZVL4VV00AsDnDXXyuv/u7inNiUL/n5xRUPBONzzpAE7oW56YEBK','Nữ','Bùi Thị II','0901000024','buithii@example.com','2025-05-17','2025-05-17',1,'24X Nguyễn Đình Chiểu, Quảng Ninh',1,2,NULL),(37,'$2a$10$GNZVL4VV00AsDnDXXyuv/u7inNiUL/n5xRUPBONzzpAE7oW56YEBK','Nam','Võ Văn JJ','0901000025','vovanjj@example.com','2025-05-17','2025-05-17',1,'25Y Phạm Ngũ Lão, Nghệ An',1,2,NULL),(38,'$2a$10$GNZVL4VV00AsDnDXXyuv/u7inNiUL/n5xRUPBONzzpAE7oW56YEBK','Nữ','Lý Thị KK','0901000026','lythikk@example.com','2025-05-17','2025-05-17',1,'26Z Lý Thường Kiệt, Hà Tĩnh',1,2,NULL),(39,'$2a$10$GNZVL4VV00AsDnDXXyuv/u7inNiUL/n5xRUPBONzzpAE7oW56YEBK','Nam','Trịnh Văn LL','0901000027','trinhvanll@example.com','2025-05-17','2025-05-17',1,'27A Trần Hưng Đạo, Huế',1,2,NULL),(40,'$2a$10$GNZVL4VV00AsDnDXXyuv/u7inNiUL/n5xRUPBONzzpAE7oW56YEBK','Nữ','Ngô Thị MM','0901000028','ngothimm@example.com','2025-05-17','2025-05-17',1,'28B Nguyễn Huệ, Đà Nẵng',1,2,NULL),(41,'$2a$10$GNZVL4VV00AsDnDXXyuv/u7inNiUL/n5xRUPBONzzpAE7oW56YEBK','Nam','Đỗ Văn NN','0901000029','dovann@example.com','2025-05-17','2025-05-17',1,'29C Điện Biên Phủ, TP.HCM',1,2,NULL),(42,'$2a$10$GNZVL4VV00AsDnDXXyuv/u7inNiUL/n5xRUPBONzzpAE7oW56YEBK','Nữ','Phạm Thị OO','0901000030','phamthioo@example.com','2025-05-17','2025-05-17',1,'30D Hùng Vương, Cần Thơ',1,2,NULL),(43,'$2a$10$GNZVL4VV00AsDnDXXyuv/u7inNiUL/n5xRUPBONzzpAE7oW56YEBK','Nam','Nguyễn Văn E','0911111111','nguyenvane@example.com','2025-05-17','2025-05-17',1,'Số 20, Đường Bạch Mai, Hà Nội',1,2,NULL),(44,'$2a$10$GNZVL4VV00AsDnDXXyuv/u7inNiUL/n5xRUPBONzzpAE7oW56YEBK','Nữ','Trần Thị F','0911111112','tranthif@example.com','2025-05-17','2025-05-17',0,'Số 25, Đường Láng, Hà Nội',1,2,NULL),(45,'$2a$10$GNZVL4VV00AsDnDXXyuv/u7inNiUL/n5xRUPBONzzpAE7oW56YEBK','Nam','Lê Văn G','0911111113','levang@example.com','2025-05-17','2025-05-17',1,'Số 30, Đường Xuân Thủy, Hà Nội',1,2,NULL),(46,'$2a$10$GNZVL4VV00AsDnDXXyuv/u7inNiUL/n5xRUPBONzzpAE7oW56YEBK','Nữ','Phạm Thị H','0911111114','phamthih@example.com','2025-05-17','2025-05-17',0,'Số 35, Đường Cầu Giấy, Hà Nội',1,2,NULL),(47,'$2a$10$GNZVL4VV00AsDnDXXyuv/u7inNiUL/n5xRUPBONzzpAE7oW56YEBK','Nam','Nguyễn Văn I','0911111115','nguyenvani@example.com','2025-05-17','2025-05-17',1,'Số 40, Đường Kim Mã, Hà Nội',1,2,NULL),(48,'$2a$10$GNZVL4VV00AsDnDXXyuv/u7inNiUL/n5xRUPBONzzpAE7oW56YEBK','Nữ','Trần Thị J','0911111116','tranthij@example.com','2025-05-17','2025-05-17',0,'Số 45, Đường Trần Duy Hưng, Hà Nội',1,2,NULL),(49,'$2a$10$GNZVL4VV00AsDnDXXyuv/u7inNiUL/n5xRUPBONzzpAE7oW56YEBK','Nam','Lê Văn K','0911111117','levank@example.com','2025-05-17','2025-05-17',1,'Số 50, Đường Lê Đức Thọ, Hà Nội',1,2,NULL),(50,'$2a$10$GNZVL4VV00AsDnDXXyuv/u7inNiUL/n5xRUPBONzzpAE7oW56YEBK','Nữ','Phạm Thị L','0911111118','phamthil@example.com','2025-05-17','2025-05-17',0,'Số 55, Đường Hoàng Quốc Việt, Hà Nội',1,2,NULL),(51,'$2a$10$GNZVL4VV00AsDnDXXyuv/u7inNiUL/n5xRUPBONzzpAE7oW56YEBK','Nam','Nguyễn Văn M','0911111119','nguyenvanm@example.com','2025-05-17','2025-05-17',1,'Số 60, Đường Nguyễn Chí Thanh, Hà Nội',1,2,NULL),(52,'$2a$10$GNZVL4VV00AsDnDXXyuv/u7inNiUL/n5xRUPBONzzpAE7oW56YEBK','Nữ','Trần Thị N','0911111120','tranthin@example.com','2025-05-17','2025-05-17',0,'Số 65, Đường Giải Phóng, Hà Nội',1,2,NULL),(53,'$2a$10$GNZVL4VV00AsDnDXXyuv/u7inNiUL/n5xRUPBONzzpAE7oW56YEBK','Nam','Lê Văn O','0911111121','levano@example.com','2025-05-17','2025-05-17',1,'Số 70, Đường Thái Hà, Hà Nội',1,2,NULL),(54,'$2a$10$GNZVL4VV00AsDnDXXyuv/u7inNiUL/n5xRUPBONzzpAE7oW56YEBK','Nữ','Phạm Thị P','0911111122','phamthip@example.com','2025-05-17','2025-05-17',0,'Số 75, Đường Tây Sơn, Hà Nội',1,2,NULL),(55,'$2a$10$GNZVL4VV00AsDnDXXyuv/u7inNiUL/n5xRUPBONzzpAE7oW56YEBK','Nam','Nguyễn Văn Q','0911111123','nguyenvanq@example.com','2025-05-17','2025-05-17',1,'Số 80, Đường Xã Đàn, Hà Nội',1,2,NULL),(56,'$2a$10$GNZVL4VV00AsDnDXXyuv/u7inNiUL/n5xRUPBONzzpAE7oW56YEBK','Nữ','Trần Thị R','0911111124','tranthir@example.com','2025-05-17','2025-05-17',0,'Số 85, Đường Láng Hạ, Hà Nội',1,2,NULL),(57,'$2a$10$GNZVL4VV00AsDnDXXyuv/u7inNiUL/n5xRUPBONzzpAE7oW56YEBK','Nam','Lê Văn S','0911111125','levans@example.com','2025-05-17','2025-05-17',1,'Số 90, Đường Nguyễn Trãi, Hà Nội',1,2,NULL),(58,'$2a$10$GNZVL4VV00AsDnDXXyuv/u7inNiUL/n5xRUPBONzzpAE7oW56YEBK','Nữ','Phạm Thị T','0911111126','phamthit@example.com','2025-05-17','2025-05-17',0,'Số 95, Đường Bưởi, Hà Nội',1,2,NULL),(59,'$2a$10$GNZVL4VV00AsDnDXXyuv/u7inNiUL/n5xRUPBONzzpAE7oW56YEBK','Nam','Nguyễn Văn U','0911111127','nguyenvanu@example.com','2025-05-17','2025-05-17',1,'Số 100, Đường Âu Cơ, Hà Nội',1,2,NULL),(60,'$2a$10$GNZVL4VV00AsDnDXXyuv/u7inNiUL/n5xRUPBONzzpAE7oW56YEBK','Nữ','Trần Thị V','0911111128','tranthiv@example.com','2025-05-17','2025-05-17',1,'Số 105, Đường Trần Khát Chân, Hà Nội',1,2,NULL),(61,'$2a$10$GNZVL4VV00AsDnDXXyuv/u7inNiUL/n5xRUPBONzzpAE7oW56YEBK','Nam','Lê Văn X','0911111129','levanx@example.com','2025-05-17','2025-05-17',1,'Số 110, Đường Nguyễn Hữu Huân, Hà Nội',1,2,NULL),(70,'$2a$10$LnvosANt72znjaTY1Y07vOXZNuu3fvbudzNPUxhzKqRgbBuEvL2ey','Nam','Lê Văn Chuyền','0987654312','chuyen@gmail.com','2025-11-04','2025-11-04',1,'13M Bạch Đằng, Nghệ An',0,1,'/uploads/9f4c625a-31ea-417f-87ef-3187c4eaf2f2_OIP.webp'),(71,'$2a$10$/E3KJPn2DkasWaYm0adD5O/jw0j4zZGUnYG8K78JdNdUajFCvHRki',NULL,'Lê Đức Chương',NULL,'Lechuong652688@gmail.com','2025-11-05','2025-11-05',1,NULL,0,2,NULL),(72,'$2a$10$cipTfLIdJftNKKMFSD90rOpuQmpPGbUL/O/P7OjN4zcCQmMLT6Sa2',NULL,'bac nguyen',NULL,'bac@gmail.com','2025-11-05','2025-11-05',1,NULL,0,2,NULL),(73,'$2a$10$LnvosANt72znjaTY1Y07vOXZNuu3fvbudzNPUxhzKqRgbBuEvL2ey',NULL,'Administrator','0987654321','administrator@gmail.com','2025-11-05','2025-11-05',1,'13M Bạch Đằng, Nghệ An',0,3,NULL);
/*!40000 ALTER TABLE `users` ENABLE KEYS */;
UNLOCK TABLES;
/*!40103 SET TIME_ZONE=@OLD_TIME_ZONE */;

/*!40101 SET SQL_MODE=@OLD_SQL_MODE */;
/*!40014 SET FOREIGN_KEY_CHECKS=@OLD_FOREIGN_KEY_CHECKS */;
/*!40014 SET UNIQUE_CHECKS=@OLD_UNIQUE_CHECKS */;
/*!40101 SET CHARACTER_SET_CLIENT=@OLD_CHARACTER_SET_CLIENT */;
/*!40101 SET CHARACTER_SET_RESULTS=@OLD_CHARACTER_SET_RESULTS */;
/*!40101 SET COLLATION_CONNECTION=@OLD_COLLATION_CONNECTION */;
/*!40111 SET SQL_NOTES=@OLD_SQL_NOTES */;

-- Dump completed on 2025-11-06 21:47:49
